"","country_name","country_code","year","di_score"
"1","Afghanistan","AFG",2006,3.06
"2","Afghanistan","AFG",2008,3.02
"3","Afghanistan","AFG",2010,2.48
"4","Afghanistan","AFG",2011,2.48
"5","Afghanistan","AFG",2012,2.48
"6","Afghanistan","AFG",2013,2.48
"7","Afghanistan","AFG",2014,2.77
"8","Afghanistan","AFG",2015,2.77
"9","Afghanistan","AFG",2016,2.55
"10","Afghanistan","AFG",2017,2.55
"11","Afghanistan","AFG",2018,2.97
"12","Afghanistan","AFG",2019,2.85
"13","Afghanistan","AFG",2020,2.85
"14","Afghanistan","AFG",2021,0.32
"15","Afghanistan","AFG",2022,0.32
"16","Afghanistan","AFG",2023,0.26
"17","Afghanistan","AFG",2024,0.25
"18","Africa",NA,2006,4.1094
"19","Africa",NA,2008,4.14
"20","Africa",NA,2010,4.0696
"21","Africa",NA,2011,4.2586
"22","Africa",NA,2012,4.3148
"23","Africa",NA,2013,4.3224
"24","Africa",NA,2014,4.2966
"25","Africa",NA,2015,4.317
"26","Africa",NA,2016,4.2964
"27","Africa",NA,2017,4.2812
"28","Africa",NA,2018,4.289
"29","Africa",NA,2019,4.2212
"30","Africa",NA,2020,4.1164002
"31","Africa",NA,2021,4.0716
"32","Africa",NA,2022,4.075
"33","Africa",NA,2023,3.9674
"34","Africa",NA,2024,3.9166
"35","Albania","ALB",2006,5.91
"36","Albania","ALB",2008,5.91
"37","Albania","ALB",2010,5.86
"38","Albania","ALB",2011,5.81
"39","Albania","ALB",2012,5.67
"40","Albania","ALB",2013,5.67
"41","Albania","ALB",2014,5.67
"42","Albania","ALB",2015,5.91
"43","Albania","ALB",2016,5.91
"44","Albania","ALB",2017,5.98
"45","Albania","ALB",2018,5.98
"46","Albania","ALB",2019,5.89
"47","Albania","ALB",2020,6.08
"48","Albania","ALB",2021,6.11
"49","Albania","ALB",2022,6.41
"50","Albania","ALB",2023,6.28
"51","Albania","ALB",2024,6.2
"52","Algeria","DZA",2006,3.17
"53","Algeria","DZA",2008,3.32
"54","Algeria","DZA",2010,3.44
"55","Algeria","DZA",2011,3.44
"56","Algeria","DZA",2012,3.83
"57","Algeria","DZA",2013,3.83
"58","Algeria","DZA",2014,3.83
"59","Algeria","DZA",2015,3.95
"60","Algeria","DZA",2016,3.56
"61","Algeria","DZA",2017,3.56
"62","Algeria","DZA",2018,3.5
"63","Algeria","DZA",2019,4.01
"64","Algeria","DZA",2020,3.77
"65","Algeria","DZA",2021,3.77
"66","Algeria","DZA",2022,3.66
"67","Algeria","DZA",2023,3.66
"68","Algeria","DZA",2024,3.55
"69","Angola","AGO",2006,2.41
"70","Angola","AGO",2008,3.35
"71","Angola","AGO",2010,3.32
"72","Angola","AGO",2011,3.32
"73","Angola","AGO",2012,3.35
"74","Angola","AGO",2013,3.35
"75","Angola","AGO",2014,3.35
"76","Angola","AGO",2015,3.35
"77","Angola","AGO",2016,3.4
"78","Angola","AGO",2017,3.62
"79","Angola","AGO",2018,3.62
"80","Angola","AGO",2019,3.72
"81","Angola","AGO",2020,3.66
"82","Angola","AGO",2021,3.37
"83","Angola","AGO",2022,3.96
"84","Angola","AGO",2023,4.18
"85","Angola","AGO",2024,4.05
"86","Argentina","ARG",2006,6.63
"87","Argentina","ARG",2008,6.63
"88","Argentina","ARG",2010,6.84
"89","Argentina","ARG",2011,6.84
"90","Argentina","ARG",2012,6.84
"91","Argentina","ARG",2013,6.84
"92","Argentina","ARG",2014,6.84
"93","Argentina","ARG",2015,7.02
"94","Argentina","ARG",2016,6.96
"95","Argentina","ARG",2017,6.96
"96","Argentina","ARG",2018,7.02
"97","Argentina","ARG",2019,7.02
"98","Argentina","ARG",2020,6.95
"99","Argentina","ARG",2021,6.81
"100","Argentina","ARG",2022,6.85
"101","Argentina","ARG",2023,6.62
"102","Argentina","ARG",2024,6.51
"103","Armenia","ARM",2006,4.15
"104","Armenia","ARM",2008,4.09
"105","Armenia","ARM",2010,4.09
"106","Armenia","ARM",2011,4.09
"107","Armenia","ARM",2012,4.09
"108","Armenia","ARM",2013,4.02
"109","Armenia","ARM",2014,4.13
"110","Armenia","ARM",2015,4
"111","Armenia","ARM",2016,3.88
"112","Armenia","ARM",2017,4.11
"113","Armenia","ARM",2018,4.79
"114","Armenia","ARM",2019,5.54
"115","Armenia","ARM",2020,5.35
"116","Armenia","ARM",2021,5.49
"117","Armenia","ARM",2022,5.63
"118","Armenia","ARM",2023,5.42
"119","Armenia","ARM",2024,5.35
"120","Asia",NA,2006,4.3789363
"121","Asia",NA,2008,4.450851
"122","Asia",NA,2010,4.4323406
"123","Asia",NA,2011,4.3987236
"124","Asia",NA,2012,4.4325533
"125","Asia",NA,2013,4.4748936
"126","Asia",NA,2014,4.5123405
"127","Asia",NA,2015,4.4919147
"128","Asia",NA,2016,4.4817023
"129","Asia",NA,2017,4.407021
"130","Asia",NA,2018,4.41617
"131","Asia",NA,2019,4.397234
"132","Asia",NA,2020,4.3457446
"133","Asia",NA,2021,4.2368083
"134","Asia",NA,2022,4.2282977
"135","Asia",NA,2023,4.164255
"136","Asia",NA,2024,4.063404
"137","Australia","AUS",2006,9.09
"138","Australia","AUS",2008,9.09
"139","Australia","AUS",2010,9.22
"140","Australia","AUS",2011,9.22
"141","Australia","AUS",2012,9.22
"142","Australia","AUS",2013,9.13
"143","Australia","AUS",2014,9.01
"144","Australia","AUS",2015,9.01
"145","Australia","AUS",2016,9.01
"146","Australia","AUS",2017,9.09
"147","Australia","AUS",2018,9.09
"148","Australia","AUS",2019,9.09
"149","Australia","AUS",2020,8.96
"150","Australia","AUS",2021,8.9
"151","Australia","AUS",2022,8.71
"152","Australia","AUS",2023,8.66
"153","Australia","AUS",2024,8.85
"154","Austria","AUT",2006,8.69
"155","Austria","AUT",2008,8.49
"156","Austria","AUT",2010,8.49
"157","Austria","AUT",2011,8.49
"158","Austria","AUT",2012,8.62
"159","Austria","AUT",2013,8.48
"160","Austria","AUT",2014,8.54
"161","Austria","AUT",2015,8.54
"162","Austria","AUT",2016,8.41
"163","Austria","AUT",2017,8.42
"164","Austria","AUT",2018,8.29
"165","Austria","AUT",2019,8.29
"166","Austria","AUT",2020,8.16
"167","Austria","AUT",2021,8.07
"168","Austria","AUT",2022,8.2
"169","Austria","AUT",2023,8.28
"170","Austria","AUT",2024,8.28
"171","Azerbaijan","AZE",2006,3.31
"172","Azerbaijan","AZE",2008,3.19
"173","Azerbaijan","AZE",2010,3.15
"174","Azerbaijan","AZE",2011,3.15
"175","Azerbaijan","AZE",2012,3.15
"176","Azerbaijan","AZE",2013,3.06
"177","Azerbaijan","AZE",2014,2.83
"178","Azerbaijan","AZE",2015,2.71
"179","Azerbaijan","AZE",2016,2.65
"180","Azerbaijan","AZE",2017,2.65
"181","Azerbaijan","AZE",2018,2.65
"182","Azerbaijan","AZE",2019,2.75
"183","Azerbaijan","AZE",2020,2.68
"184","Azerbaijan","AZE",2021,2.68
"185","Azerbaijan","AZE",2022,2.87
"186","Azerbaijan","AZE",2023,2.8
"187","Azerbaijan","AZE",2024,2.8
"188","Bahrain","BHR",2006,3.53
"189","Bahrain","BHR",2008,3.38
"190","Bahrain","BHR",2010,3.49
"191","Bahrain","BHR",2011,2.92
"192","Bahrain","BHR",2012,2.53
"193","Bahrain","BHR",2013,2.87
"194","Bahrain","BHR",2014,2.87
"195","Bahrain","BHR",2015,2.79
"196","Bahrain","BHR",2016,2.79
"197","Bahrain","BHR",2017,2.71
"198","Bahrain","BHR",2018,2.71
"199","Bahrain","BHR",2019,2.55
"200","Bahrain","BHR",2020,2.49
"201","Bahrain","BHR",2021,2.52
"202","Bahrain","BHR",2022,2.52
"203","Bahrain","BHR",2023,2.52
"204","Bahrain","BHR",2024,2.45
"205","Bangladesh","BGD",2006,6.11
"206","Bangladesh","BGD",2008,5.52
"207","Bangladesh","BGD",2010,5.87
"208","Bangladesh","BGD",2011,5.86
"209","Bangladesh","BGD",2012,5.86
"210","Bangladesh","BGD",2013,5.86
"211","Bangladesh","BGD",2014,5.78
"212","Bangladesh","BGD",2015,5.73
"213","Bangladesh","BGD",2016,5.73
"214","Bangladesh","BGD",2017,5.43
"215","Bangladesh","BGD",2018,5.57
"216","Bangladesh","BGD",2019,5.88
"217","Bangladesh","BGD",2020,5.99
"218","Bangladesh","BGD",2021,5.99
"219","Bangladesh","BGD",2022,5.99
"220","Bangladesh","BGD",2023,5.87
"221","Bangladesh","BGD",2024,4.44
"222","Belarus","BLR",2006,3.34
"223","Belarus","BLR",2008,3.34
"224","Belarus","BLR",2010,3.34
"225","Belarus","BLR",2011,3.16
"226","Belarus","BLR",2012,3.04
"227","Belarus","BLR",2013,3.04
"228","Belarus","BLR",2014,3.69
"229","Belarus","BLR",2015,3.62
"230","Belarus","BLR",2016,3.54
"231","Belarus","BLR",2017,3.13
"232","Belarus","BLR",2018,3.13
"233","Belarus","BLR",2019,2.48
"234","Belarus","BLR",2020,2.59
"235","Belarus","BLR",2021,2.41
"236","Belarus","BLR",2022,1.99
"237","Belarus","BLR",2023,1.99
"238","Belarus","BLR",2024,1.99
"239","Belgium","BEL",2006,8.15
"240","Belgium","BEL",2008,8.16
"241","Belgium","BEL",2010,8.05
"242","Belgium","BEL",2011,8.05
"243","Belgium","BEL",2012,8.05
"244","Belgium","BEL",2013,8.05
"245","Belgium","BEL",2014,7.93
"246","Belgium","BEL",2015,7.93
"247","Belgium","BEL",2016,7.77
"248","Belgium","BEL",2017,7.78
"249","Belgium","BEL",2018,7.78
"250","Belgium","BEL",2019,7.64
"251","Belgium","BEL",2020,7.51
"252","Belgium","BEL",2021,7.51
"253","Belgium","BEL",2022,7.64
"254","Belgium","BEL",2023,7.64
"255","Belgium","BEL",2024,7.64
"256","Benin","BEN",2006,6.16
"257","Benin","BEN",2008,6.06
"258","Benin","BEN",2010,6.17
"259","Benin","BEN",2011,6.06
"260","Benin","BEN",2012,6
"261","Benin","BEN",2013,5.87
"262","Benin","BEN",2014,5.65
"263","Benin","BEN",2015,5.72
"264","Benin","BEN",2016,5.67
"265","Benin","BEN",2017,5.61
"266","Benin","BEN",2018,5.74
"267","Benin","BEN",2019,5.09
"268","Benin","BEN",2020,4.58
"269","Benin","BEN",2021,4.19
"270","Benin","BEN",2022,4.28
"271","Benin","BEN",2023,4.68
"272","Benin","BEN",2024,4.44
"273","Bhutan","BTN",2006,2.62
"274","Bhutan","BTN",2008,4.3
"275","Bhutan","BTN",2010,4.68
"276","Bhutan","BTN",2011,4.57
"277","Bhutan","BTN",2012,4.65
"278","Bhutan","BTN",2013,4.82
"279","Bhutan","BTN",2014,4.87
"280","Bhutan","BTN",2015,4.93
"281","Bhutan","BTN",2016,4.93
"282","Bhutan","BTN",2017,5.08
"283","Bhutan","BTN",2018,5.3
"284","Bhutan","BTN",2019,5.3
"285","Bhutan","BTN",2020,5.71
"286","Bhutan","BTN",2021,5.71
"287","Bhutan","BTN",2022,5.54
"288","Bhutan","BTN",2023,5.54
"289","Bhutan","BTN",2024,5.65
"290","Bolivia","BOL",2006,5.98
"291","Bolivia","BOL",2008,6.15
"292","Bolivia","BOL",2010,5.92
"293","Bolivia","BOL",2011,5.84
"294","Bolivia","BOL",2012,5.84
"295","Bolivia","BOL",2013,5.79
"296","Bolivia","BOL",2014,5.79
"297","Bolivia","BOL",2015,5.75
"298","Bolivia","BOL",2016,5.63
"299","Bolivia","BOL",2017,5.49
"300","Bolivia","BOL",2018,5.7
"301","Bolivia","BOL",2019,4.84
"302","Bolivia","BOL",2020,5.08
"303","Bolivia","BOL",2021,4.65
"304","Bolivia","BOL",2022,4.51
"305","Bolivia","BOL",2023,4.2
"306","Bolivia","BOL",2024,4.26
"307","Bosnia and Herzegovina","BIH",2006,5.78
"308","Bosnia and Herzegovina","BIH",2008,5.7
"309","Bosnia and Herzegovina","BIH",2010,5.32
"310","Bosnia and Herzegovina","BIH",2011,5.24
"311","Bosnia and Herzegovina","BIH",2012,5.11
"312","Bosnia and Herzegovina","BIH",2013,5.02
"313","Bosnia and Herzegovina","BIH",2014,4.78
"314","Bosnia and Herzegovina","BIH",2015,4.83
"315","Bosnia and Herzegovina","BIH",2016,4.87
"316","Bosnia and Herzegovina","BIH",2017,4.87
"317","Bosnia and Herzegovina","BIH",2018,4.98
"318","Bosnia and Herzegovina","BIH",2019,4.86
"319","Bosnia and Herzegovina","BIH",2020,4.84
"320","Bosnia and Herzegovina","BIH",2021,5.04
"321","Bosnia and Herzegovina","BIH",2022,5
"322","Bosnia and Herzegovina","BIH",2023,5
"323","Bosnia and Herzegovina","BIH",2024,5.06
"324","Botswana","BWA",2006,7.6
"325","Botswana","BWA",2008,7.47
"326","Botswana","BWA",2010,7.63
"327","Botswana","BWA",2011,7.63
"328","Botswana","BWA",2012,7.85
"329","Botswana","BWA",2013,7.98
"330","Botswana","BWA",2014,7.87
"331","Botswana","BWA",2015,7.87
"332","Botswana","BWA",2016,7.87
"333","Botswana","BWA",2017,7.81
"334","Botswana","BWA",2018,7.81
"335","Botswana","BWA",2019,7.81
"336","Botswana","BWA",2020,7.62
"337","Botswana","BWA",2021,7.73
"338","Botswana","BWA",2022,7.73
"339","Botswana","BWA",2023,7.73
"340","Botswana","BWA",2024,7.63
"341","Brazil","BRA",2006,7.38
"342","Brazil","BRA",2008,7.38
"343","Brazil","BRA",2010,7.12
"344","Brazil","BRA",2011,7.12
"345","Brazil","BRA",2012,7.12
"346","Brazil","BRA",2013,7.12
"347","Brazil","BRA",2014,7.38
"348","Brazil","BRA",2015,6.96
"349","Brazil","BRA",2016,6.9
"350","Brazil","BRA",2017,6.86
"351","Brazil","BRA",2018,6.97
"352","Brazil","BRA",2019,6.86
"353","Brazil","BRA",2020,6.92
"354","Brazil","BRA",2021,6.86
"355","Brazil","BRA",2022,6.78
"356","Brazil","BRA",2023,6.68
"357","Brazil","BRA",2024,6.49
"358","Bulgaria","BGR",2006,7.1
"359","Bulgaria","BGR",2008,7.02
"360","Bulgaria","BGR",2010,6.84
"361","Bulgaria","BGR",2011,6.78
"362","Bulgaria","BGR",2012,6.72
"363","Bulgaria","BGR",2013,6.83
"364","Bulgaria","BGR",2014,6.73
"365","Bulgaria","BGR",2015,7.14
"366","Bulgaria","BGR",2016,7.01
"367","Bulgaria","BGR",2017,7.03
"368","Bulgaria","BGR",2018,7.03
"369","Bulgaria","BGR",2019,7.03
"370","Bulgaria","BGR",2020,6.71
"371","Bulgaria","BGR",2021,6.64
"372","Bulgaria","BGR",2022,6.53
"373","Bulgaria","BGR",2023,6.41
"374","Bulgaria","BGR",2024,6.34
"375","Burkina Faso","BFA",2006,3.72
"376","Burkina Faso","BFA",2008,3.6
"377","Burkina Faso","BFA",2010,3.59
"378","Burkina Faso","BFA",2011,3.59
"379","Burkina Faso","BFA",2012,3.52
"380","Burkina Faso","BFA",2013,4.15
"381","Burkina Faso","BFA",2014,4.09
"382","Burkina Faso","BFA",2015,4.7
"383","Burkina Faso","BFA",2016,4.7
"384","Burkina Faso","BFA",2017,4.75
"385","Burkina Faso","BFA",2018,4.75
"386","Burkina Faso","BFA",2019,4.04
"387","Burkina Faso","BFA",2020,3.73
"388","Burkina Faso","BFA",2021,3.84
"389","Burkina Faso","BFA",2022,3.08
"390","Burkina Faso","BFA",2023,2.73
"391","Burkina Faso","BFA",2024,2.55
"392","Burundi","BDI",2006,4.51
"393","Burundi","BDI",2008,4.51
"394","Burundi","BDI",2010,4.01
"395","Burundi","BDI",2011,4.01
"396","Burundi","BDI",2012,3.6
"397","Burundi","BDI",2013,3.41
"398","Burundi","BDI",2014,3.33
"399","Burundi","BDI",2015,2.49
"400","Burundi","BDI",2016,2.4
"401","Burundi","BDI",2017,2.33
"402","Burundi","BDI",2018,2.33
"403","Burundi","BDI",2019,2.15
"404","Burundi","BDI",2020,2.14
"405","Burundi","BDI",2021,2.13
"406","Burundi","BDI",2022,2.13
"407","Burundi","BDI",2023,2.13
"408","Burundi","BDI",2024,2.13
"409","Cambodia","KHM",2006,4.77
"410","Cambodia","KHM",2008,4.87
"411","Cambodia","KHM",2010,4.87
"412","Cambodia","KHM",2011,4.87
"413","Cambodia","KHM",2012,4.96
"414","Cambodia","KHM",2013,4.6
"415","Cambodia","KHM",2014,4.78
"416","Cambodia","KHM",2015,4.27
"417","Cambodia","KHM",2016,4.27
"418","Cambodia","KHM",2017,3.63
"419","Cambodia","KHM",2018,3.59
"420","Cambodia","KHM",2019,3.53
"421","Cambodia","KHM",2020,3.1
"422","Cambodia","KHM",2021,2.9
"423","Cambodia","KHM",2022,3.18
"424","Cambodia","KHM",2023,3.05
"425","Cambodia","KHM",2024,2.94
"426","Cameroon","CMR",2006,3.27
"427","Cameroon","CMR",2008,3.46
"428","Cameroon","CMR",2010,3.41
"429","Cameroon","CMR",2011,3.41
"430","Cameroon","CMR",2012,3.44
"431","Cameroon","CMR",2013,3.41
"432","Cameroon","CMR",2014,3.41
"433","Cameroon","CMR",2015,3.66
"434","Cameroon","CMR",2016,3.46
"435","Cameroon","CMR",2017,3.61
"436","Cameroon","CMR",2018,3.28
"437","Cameroon","CMR",2019,2.85
"438","Cameroon","CMR",2020,2.77
"439","Cameroon","CMR",2021,2.56
"440","Cameroon","CMR",2022,2.56
"441","Cameroon","CMR",2023,2.56
"442","Cameroon","CMR",2024,2.56
"443","Canada","CAN",2006,9.07
"444","Canada","CAN",2008,9.07
"445","Canada","CAN",2010,9.08
"446","Canada","CAN",2011,9.08
"447","Canada","CAN",2012,9.08
"448","Canada","CAN",2013,9.08
"449","Canada","CAN",2014,9.08
"450","Canada","CAN",2015,9.08
"451","Canada","CAN",2016,9.15
"452","Canada","CAN",2017,9.15
"453","Canada","CAN",2018,9.15
"454","Canada","CAN",2019,9.22
"455","Canada","CAN",2020,9.24
"456","Canada","CAN",2021,8.87
"457","Canada","CAN",2022,8.88
"458","Canada","CAN",2023,8.69
"459","Canada","CAN",2024,8.69
"460","Cape Verde","CPV",2006,7.43
"461","Cape Verde","CPV",2008,7.81
"462","Cape Verde","CPV",2010,7.94
"463","Cape Verde","CPV",2011,7.92
"464","Cape Verde","CPV",2012,7.92
"465","Cape Verde","CPV",2013,7.92
"466","Cape Verde","CPV",2014,7.81
"467","Cape Verde","CPV",2015,7.81
"468","Cape Verde","CPV",2016,7.94
"469","Cape Verde","CPV",2017,7.88
"470","Cape Verde","CPV",2018,7.88
"471","Cape Verde","CPV",2019,7.78
"472","Cape Verde","CPV",2020,7.65
"473","Cape Verde","CPV",2021,7.65
"474","Cape Verde","CPV",2022,7.65
"475","Cape Verde","CPV",2023,7.65
"476","Cape Verde","CPV",2024,7.58
"477","Central African Republic","CAF",2006,1.61
"478","Central African Republic","CAF",2008,1.86
"479","Central African Republic","CAF",2010,1.82
"480","Central African Republic","CAF",2011,1.82
"481","Central African Republic","CAF",2012,1.99
"482","Central African Republic","CAF",2013,1.49
"483","Central African Republic","CAF",2014,1.49
"484","Central African Republic","CAF",2015,1.57
"485","Central African Republic","CAF",2016,1.61
"486","Central African Republic","CAF",2017,1.52
"487","Central African Republic","CAF",2018,1.52
"488","Central African Republic","CAF",2019,1.32
"489","Central African Republic","CAF",2020,1.32
"490","Central African Republic","CAF",2021,1.43
"491","Central African Republic","CAF",2022,1.35
"492","Central African Republic","CAF",2023,1.18
"493","Central African Republic","CAF",2024,1.18
"494","Chad","TCD",2006,1.65
"495","Chad","TCD",2008,1.52
"496","Chad","TCD",2010,1.52
"497","Chad","TCD",2011,1.62
"498","Chad","TCD",2012,1.62
"499","Chad","TCD",2013,1.5
"500","Chad","TCD",2014,1.5
"501","Chad","TCD",2015,1.5
"502","Chad","TCD",2016,1.5
"503","Chad","TCD",2017,1.5
"504","Chad","TCD",2018,1.61
"505","Chad","TCD",2019,1.61
"506","Chad","TCD",2020,1.55
"507","Chad","TCD",2021,1.67
"508","Chad","TCD",2022,1.67
"509","Chad","TCD",2023,1.67
"510","Chad","TCD",2024,1.89
"511","Chile","CHL",2006,7.89
"512","Chile","CHL",2008,7.89
"513","Chile","CHL",2010,7.67
"514","Chile","CHL",2011,7.54
"515","Chile","CHL",2012,7.54
"516","Chile","CHL",2013,7.8
"517","Chile","CHL",2014,7.8
"518","Chile","CHL",2015,7.84
"519","Chile","CHL",2016,7.78
"520","Chile","CHL",2017,7.84
"521","Chile","CHL",2018,7.97
"522","Chile","CHL",2019,8.08
"523","Chile","CHL",2020,8.28
"524","Chile","CHL",2021,7.92
"525","Chile","CHL",2022,8.22
"526","Chile","CHL",2023,7.98
"527","Chile","CHL",2024,7.83
"528","China","CHN",2006,2.97
"529","China","CHN",2008,3.04
"530","China","CHN",2010,3.14
"531","China","CHN",2011,3.14
"532","China","CHN",2012,3
"533","China","CHN",2013,3
"534","China","CHN",2014,3
"535","China","CHN",2015,3.14
"536","China","CHN",2016,3.14
"537","China","CHN",2017,3.1
"538","China","CHN",2018,3.32
"539","China","CHN",2019,2.26
"540","China","CHN",2020,2.27
"541","China","CHN",2021,2.21
"542","China","CHN",2022,1.94
"543","China","CHN",2023,2.12
"544","China","CHN",2024,2.11
"545","Colombia","COL",2006,6.4
"546","Colombia","COL",2008,6.54
"547","Colombia","COL",2010,6.55
"548","Colombia","COL",2011,6.63
"549","Colombia","COL",2012,6.63
"550","Colombia","COL",2013,6.55
"551","Colombia","COL",2014,6.55
"552","Colombia","COL",2015,6.62
"553","Colombia","COL",2016,6.67
"554","Colombia","COL",2017,6.67
"555","Colombia","COL",2018,6.96
"556","Colombia","COL",2019,7.13
"557","Colombia","COL",2020,7.04
"558","Colombia","COL",2021,6.48
"559","Colombia","COL",2022,6.72
"560","Colombia","COL",2023,6.55
"561","Colombia","COL",2024,6.35
"562","Comoros","COM",2006,3.9
"563","Comoros","COM",2008,3.58
"564","Comoros","COM",2010,3.41
"565","Comoros","COM",2011,3.52
"566","Comoros","COM",2012,3.52
"567","Comoros","COM",2013,3.52
"568","Comoros","COM",2014,3.52
"569","Comoros","COM",2015,3.71
"570","Comoros","COM",2016,3.71
"571","Comoros","COM",2017,3.71
"572","Comoros","COM",2018,3.71
"573","Comoros","COM",2019,3.15
"574","Comoros","COM",2020,3.09
"575","Comoros","COM",2021,3.2
"576","Comoros","COM",2022,3.2
"577","Comoros","COM",2023,3.04
"578","Comoros","COM",2024,2.84
"579","Congo","COG",2006,3.19
"580","Congo","COG",2008,2.94
"581","Congo","COG",2010,2.89
"582","Congo","COG",2011,2.89
"583","Congo","COG",2012,2.89
"584","Congo","COG",2013,2.89
"585","Congo","COG",2014,2.89
"586","Congo","COG",2015,2.91
"587","Congo","COG",2016,2.91
"588","Congo","COG",2017,3.25
"589","Congo","COG",2018,3.31
"590","Congo","COG",2019,3.11
"591","Congo","COG",2020,3.11
"592","Congo","COG",2021,2.79
"593","Congo","COG",2022,2.79
"594","Congo","COG",2023,2.79
"595","Congo","COG",2024,2.79
"596","Costa Rica","CRI",2006,8.04
"597","Costa Rica","CRI",2008,8.04
"598","Costa Rica","CRI",2010,8.04
"599","Costa Rica","CRI",2011,8.1
"600","Costa Rica","CRI",2012,8.1
"601","Costa Rica","CRI",2013,8.03
"602","Costa Rica","CRI",2014,8.03
"603","Costa Rica","CRI",2015,7.96
"604","Costa Rica","CRI",2016,7.88
"605","Costa Rica","CRI",2017,7.88
"606","Costa Rica","CRI",2018,8.07
"607","Costa Rica","CRI",2019,8.13
"608","Costa Rica","CRI",2020,8.16
"609","Costa Rica","CRI",2021,8.07
"610","Costa Rica","CRI",2022,8.29
"611","Costa Rica","CRI",2023,8.29
"612","Costa Rica","CRI",2024,8.29
"613","Cote d'Ivoire","CIV",2006,3.38
"614","Cote d'Ivoire","CIV",2008,3.27
"615","Cote d'Ivoire","CIV",2010,3.02
"616","Cote d'Ivoire","CIV",2011,3.08
"617","Cote d'Ivoire","CIV",2012,3.25
"618","Cote d'Ivoire","CIV",2013,3.25
"619","Cote d'Ivoire","CIV",2014,3.53
"620","Cote d'Ivoire","CIV",2015,3.31
"621","Cote d'Ivoire","CIV",2016,3.81
"622","Cote d'Ivoire","CIV",2017,3.93
"623","Cote d'Ivoire","CIV",2018,4.15
"624","Cote d'Ivoire","CIV",2019,4.05
"625","Cote d'Ivoire","CIV",2020,4.11
"626","Cote d'Ivoire","CIV",2021,4.22
"627","Cote d'Ivoire","CIV",2022,4.22
"628","Cote d'Ivoire","CIV",2023,4.22
"629","Cote d'Ivoire","CIV",2024,4.22
"630","Croatia","HRV",2006,7.04
"631","Croatia","HRV",2008,7.04
"632","Croatia","HRV",2010,6.81
"633","Croatia","HRV",2011,6.73
"634","Croatia","HRV",2012,6.93
"635","Croatia","HRV",2013,6.93
"636","Croatia","HRV",2014,6.93
"637","Croatia","HRV",2015,6.93
"638","Croatia","HRV",2016,6.75
"639","Croatia","HRV",2017,6.63
"640","Croatia","HRV",2018,6.57
"641","Croatia","HRV",2019,6.57
"642","Croatia","HRV",2020,6.5
"643","Croatia","HRV",2021,6.5
"644","Croatia","HRV",2022,6.5
"645","Croatia","HRV",2023,6.5
"646","Croatia","HRV",2024,6.5
"647","Cuba","CUB",2006,3.52
"648","Cuba","CUB",2008,3.52
"649","Cuba","CUB",2010,3.52
"650","Cuba","CUB",2011,3.52
"651","Cuba","CUB",2012,3.52
"652","Cuba","CUB",2013,3.52
"653","Cuba","CUB",2014,3.52
"654","Cuba","CUB",2015,3.52
"655","Cuba","CUB",2016,3.46
"656","Cuba","CUB",2017,3.31
"657","Cuba","CUB",2018,3
"658","Cuba","CUB",2019,2.84
"659","Cuba","CUB",2020,2.84
"660","Cuba","CUB",2021,2.59
"661","Cuba","CUB",2022,2.65
"662","Cuba","CUB",2023,2.65
"663","Cuba","CUB",2024,2.58
"664","Cyprus","CYP",2006,7.6
"665","Cyprus","CYP",2008,7.7
"666","Cyprus","CYP",2010,7.29
"667","Cyprus","CYP",2011,7.29
"668","Cyprus","CYP",2012,7.29
"669","Cyprus","CYP",2013,7.29
"670","Cyprus","CYP",2014,7.4
"671","Cyprus","CYP",2015,7.53
"672","Cyprus","CYP",2016,7.65
"673","Cyprus","CYP",2017,7.59
"674","Cyprus","CYP",2018,7.59
"675","Cyprus","CYP",2019,7.59
"676","Cyprus","CYP",2020,7.56
"677","Cyprus","CYP",2021,7.43
"678","Cyprus","CYP",2022,7.38
"679","Cyprus","CYP",2023,7.38
"680","Cyprus","CYP",2024,7.38
"681","Czechia","CZE",2006,8.17
"682","Czechia","CZE",2008,8.19
"683","Czechia","CZE",2010,8.19
"684","Czechia","CZE",2011,8.19
"685","Czechia","CZE",2012,8.19
"686","Czechia","CZE",2013,8.06
"687","Czechia","CZE",2014,7.94
"688","Czechia","CZE",2015,7.94
"689","Czechia","CZE",2016,7.82
"690","Czechia","CZE",2017,7.62
"691","Czechia","CZE",2018,7.69
"692","Czechia","CZE",2019,7.69
"693","Czechia","CZE",2020,7.67
"694","Czechia","CZE",2021,7.74
"695","Czechia","CZE",2022,7.97
"696","Czechia","CZE",2023,7.97
"697","Czechia","CZE",2024,8.08
"698","Democratic Republic of Congo","COD",2006,2.76
"699","Democratic Republic of Congo","COD",2008,2.28
"700","Democratic Republic of Congo","COD",2010,2.15
"701","Democratic Republic of Congo","COD",2011,2.15
"702","Democratic Republic of Congo","COD",2012,1.92
"703","Democratic Republic of Congo","COD",2013,1.83
"704","Democratic Republic of Congo","COD",2014,1.75
"705","Democratic Republic of Congo","COD",2015,2.11
"706","Democratic Republic of Congo","COD",2016,1.93
"707","Democratic Republic of Congo","COD",2017,1.61
"708","Democratic Republic of Congo","COD",2018,1.49
"709","Democratic Republic of Congo","COD",2019,1.13
"710","Democratic Republic of Congo","COD",2020,1.13
"711","Democratic Republic of Congo","COD",2021,1.4
"712","Democratic Republic of Congo","COD",2022,1.48
"713","Democratic Republic of Congo","COD",2023,1.68
"714","Democratic Republic of Congo","COD",2024,1.92
"715","Denmark","DNK",2006,9.52
"716","Denmark","DNK",2008,9.52
"717","Denmark","DNK",2010,9.52
"718","Denmark","DNK",2011,9.52
"719","Denmark","DNK",2012,9.52
"720","Denmark","DNK",2013,9.38
"721","Denmark","DNK",2014,9.11
"722","Denmark","DNK",2015,9.11
"723","Denmark","DNK",2016,9.2
"724","Denmark","DNK",2017,9.22
"725","Denmark","DNK",2018,9.22
"726","Denmark","DNK",2019,9.22
"727","Denmark","DNK",2020,9.15
"728","Denmark","DNK",2021,9.09
"729","Denmark","DNK",2022,9.28
"730","Denmark","DNK",2023,9.28
"731","Denmark","DNK",2024,9.28
"732","Djibouti","DJI",2006,2.37
"733","Djibouti","DJI",2008,2.37
"734","Djibouti","DJI",2010,2.2
"735","Djibouti","DJI",2011,2.68
"736","Djibouti","DJI",2012,2.74
"737","Djibouti","DJI",2013,2.96
"738","Djibouti","DJI",2014,2.99
"739","Djibouti","DJI",2015,2.9
"740","Djibouti","DJI",2016,2.83
"741","Djibouti","DJI",2017,2.76
"742","Djibouti","DJI",2018,2.87
"743","Djibouti","DJI",2019,2.77
"744","Djibouti","DJI",2020,2.71
"745","Djibouti","DJI",2021,2.74
"746","Djibouti","DJI",2022,2.74
"747","Djibouti","DJI",2023,2.7
"748","Djibouti","DJI",2024,2.7
"749","Dominican Republic","DOM",2006,6.13
"750","Dominican Republic","DOM",2008,6.2
"751","Dominican Republic","DOM",2010,6.2
"752","Dominican Republic","DOM",2011,6.2
"753","Dominican Republic","DOM",2012,6.49
"754","Dominican Republic","DOM",2013,6.74
"755","Dominican Republic","DOM",2014,6.67
"756","Dominican Republic","DOM",2015,6.67
"757","Dominican Republic","DOM",2016,6.67
"758","Dominican Republic","DOM",2017,6.66
"759","Dominican Republic","DOM",2018,6.54
"760","Dominican Republic","DOM",2019,6.54
"761","Dominican Republic","DOM",2020,6.32
"762","Dominican Republic","DOM",2021,6.45
"763","Dominican Republic","DOM",2022,6.39
"764","Dominican Republic","DOM",2023,6.44
"765","Dominican Republic","DOM",2024,6.62
"766","East Timor","TLS",2006,6.41
"767","East Timor","TLS",2008,7.22
"768","East Timor","TLS",2010,7.22
"769","East Timor","TLS",2011,7.22
"770","East Timor","TLS",2012,7.16
"771","East Timor","TLS",2013,7.24
"772","East Timor","TLS",2014,7.24
"773","East Timor","TLS",2015,7.24
"774","East Timor","TLS",2016,7.24
"775","East Timor","TLS",2017,7.19
"776","East Timor","TLS",2018,7.19
"777","East Timor","TLS",2019,7.19
"778","East Timor","TLS",2020,7.06
"779","East Timor","TLS",2021,7.06
"780","East Timor","TLS",2022,7.06
"781","East Timor","TLS",2023,7.06
"782","East Timor","TLS",2024,7.03
"783","Ecuador","ECU",2006,5.64
"784","Ecuador","ECU",2008,5.64
"785","Ecuador","ECU",2010,5.77
"786","Ecuador","ECU",2011,5.72
"787","Ecuador","ECU",2012,5.78
"788","Ecuador","ECU",2013,5.87
"789","Ecuador","ECU",2014,5.87
"790","Ecuador","ECU",2015,5.87
"791","Ecuador","ECU",2016,5.81
"792","Ecuador","ECU",2017,6.02
"793","Ecuador","ECU",2018,6.27
"794","Ecuador","ECU",2019,6.33
"795","Ecuador","ECU",2020,6.13
"796","Ecuador","ECU",2021,5.71
"797","Ecuador","ECU",2022,5.69
"798","Ecuador","ECU",2023,5.41
"799","Ecuador","ECU",2024,5.24
"800","Egypt","EGY",2006,3.9
"801","Egypt","EGY",2008,3.89
"802","Egypt","EGY",2010,3.07
"803","Egypt","EGY",2011,3.95
"804","Egypt","EGY",2012,4.56
"805","Egypt","EGY",2013,3.27
"806","Egypt","EGY",2014,3.16
"807","Egypt","EGY",2015,3.18
"808","Egypt","EGY",2016,3.31
"809","Egypt","EGY",2017,3.36
"810","Egypt","EGY",2018,3.36
"811","Egypt","EGY",2019,3.06
"812","Egypt","EGY",2020,2.93
"813","Egypt","EGY",2021,2.93
"814","Egypt","EGY",2022,2.93
"815","Egypt","EGY",2023,2.93
"816","Egypt","EGY",2024,2.79
"817","El Salvador","SLV",2006,6.22
"818","El Salvador","SLV",2008,6.4
"819","El Salvador","SLV",2010,6.47
"820","El Salvador","SLV",2011,6.47
"821","El Salvador","SLV",2012,6.47
"822","El Salvador","SLV",2013,6.53
"823","El Salvador","SLV",2014,6.53
"824","El Salvador","SLV",2015,6.64
"825","El Salvador","SLV",2016,6.64
"826","El Salvador","SLV",2017,6.43
"827","El Salvador","SLV",2018,5.96
"828","El Salvador","SLV",2019,6.15
"829","El Salvador","SLV",2020,5.9
"830","El Salvador","SLV",2021,5.72
"831","El Salvador","SLV",2022,5.06
"832","El Salvador","SLV",2023,4.71
"833","El Salvador","SLV",2024,4.61
"834","Equatorial Guinea","GNQ",2006,2.09
"835","Equatorial Guinea","GNQ",2008,2.19
"836","Equatorial Guinea","GNQ",2010,1.84
"837","Equatorial Guinea","GNQ",2011,1.77
"838","Equatorial Guinea","GNQ",2012,1.83
"839","Equatorial Guinea","GNQ",2013,1.77
"840","Equatorial Guinea","GNQ",2014,1.66
"841","Equatorial Guinea","GNQ",2015,1.77
"842","Equatorial Guinea","GNQ",2016,1.7
"843","Equatorial Guinea","GNQ",2017,1.81
"844","Equatorial Guinea","GNQ",2018,1.92
"845","Equatorial Guinea","GNQ",2019,1.92
"846","Equatorial Guinea","GNQ",2020,1.92
"847","Equatorial Guinea","GNQ",2021,1.92
"848","Equatorial Guinea","GNQ",2022,1.92
"849","Equatorial Guinea","GNQ",2023,1.92
"850","Equatorial Guinea","GNQ",2024,1.92
"851","Eritrea","ERI",2006,2.31
"852","Eritrea","ERI",2008,2.31
"853","Eritrea","ERI",2010,2.31
"854","Eritrea","ERI",2011,2.34
"855","Eritrea","ERI",2012,2.4
"856","Eritrea","ERI",2013,2.4
"857","Eritrea","ERI",2014,2.44
"858","Eritrea","ERI",2015,2.37
"859","Eritrea","ERI",2016,2.37
"860","Eritrea","ERI",2017,2.37
"861","Eritrea","ERI",2018,2.37
"862","Eritrea","ERI",2019,2.37
"863","Eritrea","ERI",2020,2.15
"864","Eritrea","ERI",2021,2.03
"865","Eritrea","ERI",2022,2.03
"866","Eritrea","ERI",2023,1.97
"867","Eritrea","ERI",2024,1.97
"868","Estonia","EST",2006,7.74
"869","Estonia","EST",2008,7.68
"870","Estonia","EST",2010,7.68
"871","Estonia","EST",2011,7.61
"872","Estonia","EST",2012,7.61
"873","Estonia","EST",2013,7.61
"874","Estonia","EST",2014,7.74
"875","Estonia","EST",2015,7.85
"876","Estonia","EST",2016,7.85
"877","Estonia","EST",2017,7.79
"878","Estonia","EST",2018,7.97
"879","Estonia","EST",2019,7.9
"880","Estonia","EST",2020,7.84
"881","Estonia","EST",2021,7.84
"882","Estonia","EST",2022,7.96
"883","Estonia","EST",2023,7.96
"884","Estonia","EST",2024,8.13
"885","Eswatini","SWZ",2006,2.93
"886","Eswatini","SWZ",2008,3.04
"887","Eswatini","SWZ",2010,2.9
"888","Eswatini","SWZ",2011,3.26
"889","Eswatini","SWZ",2012,3.2
"890","Eswatini","SWZ",2013,3.2
"891","Eswatini","SWZ",2014,3.09
"892","Eswatini","SWZ",2015,3.09
"893","Eswatini","SWZ",2016,3.03
"894","Eswatini","SWZ",2017,3.03
"895","Eswatini","SWZ",2018,3.03
"896","Eswatini","SWZ",2019,3.14
"897","Eswatini","SWZ",2020,3.08
"898","Eswatini","SWZ",2021,3.08
"899","Eswatini","SWZ",2022,3.01
"900","Eswatini","SWZ",2023,2.78
"901","Eswatini","SWZ",2024,2.6
"902","Ethiopia","ETH",2006,4.72
"903","Ethiopia","ETH",2008,4.52
"904","Ethiopia","ETH",2010,3.68
"905","Ethiopia","ETH",2011,3.79
"906","Ethiopia","ETH",2012,3.72
"907","Ethiopia","ETH",2013,3.83
"908","Ethiopia","ETH",2014,3.72
"909","Ethiopia","ETH",2015,3.83
"910","Ethiopia","ETH",2016,3.6
"911","Ethiopia","ETH",2017,3.42
"912","Ethiopia","ETH",2018,3.35
"913","Ethiopia","ETH",2019,3.44
"914","Ethiopia","ETH",2020,3.38
"915","Ethiopia","ETH",2021,3.3
"916","Ethiopia","ETH",2022,3.17
"917","Ethiopia","ETH",2023,3.37
"918","Ethiopia","ETH",2024,3.24
"919","Europe",NA,2006,7.74925
"920","Europe",NA,2008,7.7192497
"921","Europe",NA,2010,7.541
"922","Europe",NA,2011,7.4775
"923","Europe",NA,2012,7.48325
"924","Europe",NA,2013,7.4785
"925","Europe",NA,2014,7.497
"926","Europe",NA,2015,7.508
"927","Europe",NA,2016,7.43425
"928","Europe",NA,2017,7.39075
"929","Europe",NA,2018,7.39725
"930","Europe",NA,2019,7.40175
"931","Europe",NA,2020,7.33175
"932","Europe",NA,2021,7.3185
"933","Europe",NA,2022,7.398
"934","Europe",NA,2023,7.39775
"935","Europe",NA,2024,7.4105
"936","Fiji","FJI",2006,5.66
"937","Fiji","FJI",2008,5.11
"938","Fiji","FJI",2010,3.62
"939","Fiji","FJI",2011,3.67
"940","Fiji","FJI",2012,3.67
"941","Fiji","FJI",2013,3.61
"942","Fiji","FJI",2014,5.61
"943","Fiji","FJI",2015,5.69
"944","Fiji","FJI",2016,5.64
"945","Fiji","FJI",2017,5.85
"946","Fiji","FJI",2018,5.85
"947","Fiji","FJI",2019,5.85
"948","Fiji","FJI",2020,5.72
"949","Fiji","FJI",2021,5.61
"950","Fiji","FJI",2022,5.55
"951","Fiji","FJI",2023,5.55
"952","Fiji","FJI",2024,5.39
"953","Finland","FIN",2006,9.25
"954","Finland","FIN",2008,9.25
"955","Finland","FIN",2010,9.19
"956","Finland","FIN",2011,9.06
"957","Finland","FIN",2012,9.06
"958","Finland","FIN",2013,9.03
"959","Finland","FIN",2014,9.03
"960","Finland","FIN",2015,9.03
"961","Finland","FIN",2016,9.03
"962","Finland","FIN",2017,9.03
"963","Finland","FIN",2018,9.14
"964","Finland","FIN",2019,9.25
"965","Finland","FIN",2020,9.2
"966","Finland","FIN",2021,9.27
"967","Finland","FIN",2022,9.29
"968","Finland","FIN",2023,9.3
"969","Finland","FIN",2024,9.3
"970","France","FRA",2006,8.07
"971","France","FRA",2008,8.07
"972","France","FRA",2010,7.77
"973","France","FRA",2011,7.77
"974","France","FRA",2012,7.88
"975","France","FRA",2013,7.92
"976","France","FRA",2014,8.04
"977","France","FRA",2015,7.92
"978","France","FRA",2016,7.92
"979","France","FRA",2017,7.8
"980","France","FRA",2018,7.8
"981","France","FRA",2019,8.12
"982","France","FRA",2020,7.99
"983","France","FRA",2021,7.99
"984","France","FRA",2022,8.07
"985","France","FRA",2023,8.07
"986","France","FRA",2024,7.99
"987","Gabon","GAB",2006,2.72
"988","Gabon","GAB",2008,3
"989","Gabon","GAB",2010,3.29
"990","Gabon","GAB",2011,3.48
"991","Gabon","GAB",2012,3.56
"992","Gabon","GAB",2013,3.76
"993","Gabon","GAB",2014,3.76
"994","Gabon","GAB",2015,3.76
"995","Gabon","GAB",2016,3.74
"996","Gabon","GAB",2017,3.61
"997","Gabon","GAB",2018,3.61
"998","Gabon","GAB",2019,3.61
"999","Gabon","GAB",2020,3.54
"1000","Gabon","GAB",2021,3.4
"1001","Gabon","GAB",2022,3.4
"1002","Gabon","GAB",2023,2.18
"1003","Gabon","GAB",2024,2.18
"1004","Gambia","GMB",2006,4.39
"1005","Gambia","GMB",2008,4.19
"1006","Gambia","GMB",2010,3.38
"1007","Gambia","GMB",2011,3.38
"1008","Gambia","GMB",2012,3.31
"1009","Gambia","GMB",2013,3.31
"1010","Gambia","GMB",2014,3.05
"1011","Gambia","GMB",2015,2.97
"1012","Gambia","GMB",2016,2.91
"1013","Gambia","GMB",2017,4.06
"1014","Gambia","GMB",2018,4.31
"1015","Gambia","GMB",2019,4.33
"1016","Gambia","GMB",2020,4.49
"1017","Gambia","GMB",2021,4.41
"1018","Gambia","GMB",2022,4.47
"1019","Gambia","GMB",2023,4.47
"1020","Gambia","GMB",2024,4.47
"1021","Georgia","GEO",2006,4.9
"1022","Georgia","GEO",2008,4.62
"1023","Georgia","GEO",2010,4.59
"1024","Georgia","GEO",2011,4.74
"1025","Georgia","GEO",2012,5.53
"1026","Georgia","GEO",2013,5.95
"1027","Georgia","GEO",2014,5.82
"1028","Georgia","GEO",2015,5.88
"1029","Georgia","GEO",2016,5.93
"1030","Georgia","GEO",2017,5.93
"1031","Georgia","GEO",2018,5.5
"1032","Georgia","GEO",2019,5.42
"1033","Georgia","GEO",2020,5.31
"1034","Georgia","GEO",2021,5.12
"1035","Georgia","GEO",2022,5.2
"1036","Georgia","GEO",2023,5.2
"1037","Georgia","GEO",2024,4.7
"1038","Germany","DEU",2006,8.82
"1039","Germany","DEU",2008,8.82
"1040","Germany","DEU",2010,8.38
"1041","Germany","DEU",2011,8.34
"1042","Germany","DEU",2012,8.34
"1043","Germany","DEU",2013,8.31
"1044","Germany","DEU",2014,8.64
"1045","Germany","DEU",2015,8.64
"1046","Germany","DEU",2016,8.63
"1047","Germany","DEU",2017,8.61
"1048","Germany","DEU",2018,8.68
"1049","Germany","DEU",2019,8.68
"1050","Germany","DEU",2020,8.67
"1051","Germany","DEU",2021,8.67
"1052","Germany","DEU",2022,8.8
"1053","Germany","DEU",2023,8.8
"1054","Germany","DEU",2024,8.73
"1055","Ghana","GHA",2006,5.35
"1056","Ghana","GHA",2008,5.35
"1057","Ghana","GHA",2010,6.02
"1058","Ghana","GHA",2011,6.02
"1059","Ghana","GHA",2012,6.02
"1060","Ghana","GHA",2013,6.33
"1061","Ghana","GHA",2014,6.33
"1062","Ghana","GHA",2015,6.86
"1063","Ghana","GHA",2016,6.75
"1064","Ghana","GHA",2017,6.69
"1065","Ghana","GHA",2018,6.63
"1066","Ghana","GHA",2019,6.63
"1067","Ghana","GHA",2020,6.5
"1068","Ghana","GHA",2021,6.5
"1069","Ghana","GHA",2022,6.43
"1070","Ghana","GHA",2023,6.3
"1071","Ghana","GHA",2024,6.24
"1072","Greece","GRC",2006,8.13
"1073","Greece","GRC",2008,8.13
"1074","Greece","GRC",2010,7.92
"1075","Greece","GRC",2011,7.65
"1076","Greece","GRC",2012,7.65
"1077","Greece","GRC",2013,7.65
"1078","Greece","GRC",2014,7.45
"1079","Greece","GRC",2015,7.45
"1080","Greece","GRC",2016,7.23
"1081","Greece","GRC",2017,7.29
"1082","Greece","GRC",2018,7.29
"1083","Greece","GRC",2019,7.43
"1084","Greece","GRC",2020,7.39
"1085","Greece","GRC",2021,7.56
"1086","Greece","GRC",2022,7.97
"1087","Greece","GRC",2023,8.14
"1088","Greece","GRC",2024,8.07
"1089","Guatemala","GTM",2006,6.07
"1090","Guatemala","GTM",2008,6.07
"1091","Guatemala","GTM",2010,6.05
"1092","Guatemala","GTM",2011,5.88
"1093","Guatemala","GTM",2012,5.88
"1094","Guatemala","GTM",2013,5.81
"1095","Guatemala","GTM",2014,5.81
"1096","Guatemala","GTM",2015,5.92
"1097","Guatemala","GTM",2016,5.92
"1098","Guatemala","GTM",2017,5.86
"1099","Guatemala","GTM",2018,5.6
"1100","Guatemala","GTM",2019,5.26
"1101","Guatemala","GTM",2020,4.97
"1102","Guatemala","GTM",2021,4.62
"1103","Guatemala","GTM",2022,4.68
"1104","Guatemala","GTM",2023,4.47
"1105","Guatemala","GTM",2024,4.55
"1106","Guinea","GIN",2006,2.02
"1107","Guinea","GIN",2008,2.09
"1108","Guinea","GIN",2010,2.79
"1109","Guinea","GIN",2011,2.79
"1110","Guinea","GIN",2012,2.79
"1111","Guinea","GIN",2013,2.84
"1112","Guinea","GIN",2014,3.01
"1113","Guinea","GIN",2015,3.14
"1114","Guinea","GIN",2016,3.14
"1115","Guinea","GIN",2017,3.14
"1116","Guinea","GIN",2018,3.14
"1117","Guinea","GIN",2019,3.14
"1118","Guinea","GIN",2020,3.08
"1119","Guinea","GIN",2021,2.28
"1120","Guinea","GIN",2022,2.32
"1121","Guinea","GIN",2023,2.21
"1122","Guinea","GIN",2024,2.04
"1123","Guinea-Bissau","GNB",2006,2
"1124","Guinea-Bissau","GNB",2008,1.99
"1125","Guinea-Bissau","GNB",2010,1.99
"1126","Guinea-Bissau","GNB",2011,1.99
"1127","Guinea-Bissau","GNB",2012,1.43
"1128","Guinea-Bissau","GNB",2013,1.26
"1129","Guinea-Bissau","GNB",2014,1.93
"1130","Guinea-Bissau","GNB",2015,1.93
"1131","Guinea-Bissau","GNB",2016,1.98
"1132","Guinea-Bissau","GNB",2017,1.98
"1133","Guinea-Bissau","GNB",2018,1.98
"1134","Guinea-Bissau","GNB",2019,2.63
"1135","Guinea-Bissau","GNB",2020,2.63
"1136","Guinea-Bissau","GNB",2021,2.75
"1137","Guinea-Bissau","GNB",2022,2.56
"1138","Guinea-Bissau","GNB",2023,2.45
"1139","Guinea-Bissau","GNB",2024,2.03
"1140","Guyana","GUY",2006,6.15
"1141","Guyana","GUY",2008,6.12
"1142","Guyana","GUY",2010,6.05
"1143","Guyana","GUY",2011,6.05
"1144","Guyana","GUY",2012,6.05
"1145","Guyana","GUY",2013,6.05
"1146","Guyana","GUY",2014,5.91
"1147","Guyana","GUY",2015,6.05
"1148","Guyana","GUY",2016,6.25
"1149","Guyana","GUY",2017,6.46
"1150","Guyana","GUY",2018,6.67
"1151","Guyana","GUY",2019,6.15
"1152","Guyana","GUY",2020,6.01
"1153","Guyana","GUY",2021,6.25
"1154","Guyana","GUY",2022,6.34
"1155","Guyana","GUY",2023,6.26
"1156","Guyana","GUY",2024,6.11
"1157","Haiti","HTI",2006,4.19
"1158","Haiti","HTI",2008,4.19
"1159","Haiti","HTI",2010,4
"1160","Haiti","HTI",2011,4
"1161","Haiti","HTI",2012,3.96
"1162","Haiti","HTI",2013,3.94
"1163","Haiti","HTI",2014,3.82
"1164","Haiti","HTI",2015,3.94
"1165","Haiti","HTI",2016,4.02
"1166","Haiti","HTI",2017,4.03
"1167","Haiti","HTI",2018,4.91
"1168","Haiti","HTI",2019,4.57
"1169","Haiti","HTI",2020,4.22
"1170","Haiti","HTI",2021,3.48
"1171","Haiti","HTI",2022,2.81
"1172","Haiti","HTI",2023,2.81
"1173","Haiti","HTI",2024,2.74
"1174","Honduras","HND",2006,6.25
"1175","Honduras","HND",2008,6.18
"1176","Honduras","HND",2010,5.76
"1177","Honduras","HND",2011,5.84
"1178","Honduras","HND",2012,5.84
"1179","Honduras","HND",2013,5.84
"1180","Honduras","HND",2014,5.84
"1181","Honduras","HND",2015,5.84
"1182","Honduras","HND",2016,5.92
"1183","Honduras","HND",2017,5.72
"1184","Honduras","HND",2018,5.63
"1185","Honduras","HND",2019,5.42
"1186","Honduras","HND",2020,5.36
"1187","Honduras","HND",2021,5.1
"1188","Honduras","HND",2022,5.15
"1189","Honduras","HND",2023,4.98
"1190","Honduras","HND",2024,4.98
"1191","Hong Kong","HKG",2006,6.03
"1192","Hong Kong","HKG",2008,5.85
"1193","Hong Kong","HKG",2010,5.92
"1194","Hong Kong","HKG",2011,5.92
"1195","Hong Kong","HKG",2012,6.42
"1196","Hong Kong","HKG",2013,6.42
"1197","Hong Kong","HKG",2014,6.46
"1198","Hong Kong","HKG",2015,6.5
"1199","Hong Kong","HKG",2016,6.42
"1200","Hong Kong","HKG",2017,6.31
"1201","Hong Kong","HKG",2018,6.15
"1202","Hong Kong","HKG",2019,6.02
"1203","Hong Kong","HKG",2020,5.57
"1204","Hong Kong","HKG",2021,5.6
"1205","Hong Kong","HKG",2022,5.28
"1206","Hong Kong","HKG",2023,5.24
"1207","Hong Kong","HKG",2024,5.09
"1208","Hungary","HUN",2006,7.53
"1209","Hungary","HUN",2008,7.44
"1210","Hungary","HUN",2010,7.21
"1211","Hungary","HUN",2011,7.04
"1212","Hungary","HUN",2012,6.96
"1213","Hungary","HUN",2013,6.96
"1214","Hungary","HUN",2014,6.9
"1215","Hungary","HUN",2015,6.84
"1216","Hungary","HUN",2016,6.72
"1217","Hungary","HUN",2017,6.64
"1218","Hungary","HUN",2018,6.63
"1219","Hungary","HUN",2019,6.63
"1220","Hungary","HUN",2020,6.56
"1221","Hungary","HUN",2021,6.5
"1222","Hungary","HUN",2022,6.64
"1223","Hungary","HUN",2023,6.72
"1224","Hungary","HUN",2024,6.51
"1225","Iceland","ISL",2006,9.71
"1226","Iceland","ISL",2008,9.65
"1227","Iceland","ISL",2010,9.65
"1228","Iceland","ISL",2011,9.65
"1229","Iceland","ISL",2012,9.65
"1230","Iceland","ISL",2013,9.65
"1231","Iceland","ISL",2014,9.58
"1232","Iceland","ISL",2015,9.58
"1233","Iceland","ISL",2016,9.5
"1234","Iceland","ISL",2017,9.58
"1235","Iceland","ISL",2018,9.58
"1236","Iceland","ISL",2019,9.58
"1237","Iceland","ISL",2020,9.37
"1238","Iceland","ISL",2021,9.18
"1239","Iceland","ISL",2022,9.52
"1240","Iceland","ISL",2023,9.45
"1241","Iceland","ISL",2024,9.38
"1242","India","IND",2006,7.68
"1243","India","IND",2008,7.8
"1244","India","IND",2010,7.28
"1245","India","IND",2011,7.3
"1246","India","IND",2012,7.52
"1247","India","IND",2013,7.69
"1248","India","IND",2014,7.92
"1249","India","IND",2015,7.74
"1250","India","IND",2016,7.81
"1251","India","IND",2017,7.23
"1252","India","IND",2018,7.23
"1253","India","IND",2019,6.9
"1254","India","IND",2020,6.61
"1255","India","IND",2021,6.91
"1256","India","IND",2022,7.04
"1257","India","IND",2023,7.18
"1258","India","IND",2024,7.29
"1259","Indonesia","IDN",2006,6.41
"1260","Indonesia","IDN",2008,6.34
"1261","Indonesia","IDN",2010,6.53
"1262","Indonesia","IDN",2011,6.53
"1263","Indonesia","IDN",2012,6.76
"1264","Indonesia","IDN",2013,6.82
"1265","Indonesia","IDN",2014,6.95
"1266","Indonesia","IDN",2015,7.03
"1267","Indonesia","IDN",2016,6.97
"1268","Indonesia","IDN",2017,6.39
"1269","Indonesia","IDN",2018,6.39
"1270","Indonesia","IDN",2019,6.48
"1271","Indonesia","IDN",2020,6.3
"1272","Indonesia","IDN",2021,6.71
"1273","Indonesia","IDN",2022,6.71
"1274","Indonesia","IDN",2023,6.53
"1275","Indonesia","IDN",2024,6.44
"1276","Iran","IRN",2006,2.93
"1277","Iran","IRN",2008,2.83
"1278","Iran","IRN",2010,1.94
"1279","Iran","IRN",2011,1.98
"1280","Iran","IRN",2012,1.98
"1281","Iran","IRN",2013,1.98
"1282","Iran","IRN",2014,1.98
"1283","Iran","IRN",2015,2.16
"1284","Iran","IRN",2016,2.34
"1285","Iran","IRN",2017,2.45
"1286","Iran","IRN",2018,2.45
"1287","Iran","IRN",2019,2.38
"1288","Iran","IRN",2020,2.2
"1289","Iran","IRN",2021,1.95
"1290","Iran","IRN",2022,1.96
"1291","Iran","IRN",2023,1.96
"1292","Iran","IRN",2024,1.96
"1293","Iraq","IRQ",2006,4.01
"1294","Iraq","IRQ",2008,4
"1295","Iraq","IRQ",2010,4
"1296","Iraq","IRQ",2011,4.03
"1297","Iraq","IRQ",2012,4.1
"1298","Iraq","IRQ",2013,4.1
"1299","Iraq","IRQ",2014,4.23
"1300","Iraq","IRQ",2015,4.08
"1301","Iraq","IRQ",2016,4.08
"1302","Iraq","IRQ",2017,4.09
"1303","Iraq","IRQ",2018,4.06
"1304","Iraq","IRQ",2019,3.74
"1305","Iraq","IRQ",2020,3.62
"1306","Iraq","IRQ",2021,3.51
"1307","Iraq","IRQ",2022,3.13
"1308","Iraq","IRQ",2023,2.88
"1309","Iraq","IRQ",2024,2.8
"1310","Ireland","IRL",2006,9.01
"1311","Ireland","IRL",2008,9.01
"1312","Ireland","IRL",2010,8.79
"1313","Ireland","IRL",2011,8.56
"1314","Ireland","IRL",2012,8.56
"1315","Ireland","IRL",2013,8.68
"1316","Ireland","IRL",2014,8.72
"1317","Ireland","IRL",2015,8.85
"1318","Ireland","IRL",2016,9.15
"1319","Ireland","IRL",2017,9.15
"1320","Ireland","IRL",2018,9.15
"1321","Ireland","IRL",2019,9.24
"1322","Ireland","IRL",2020,9.05
"1323","Ireland","IRL",2021,9
"1324","Ireland","IRL",2022,9.13
"1325","Ireland","IRL",2023,9.19
"1326","Ireland","IRL",2024,9.19
"1327","Israel","ISR",2006,7.28
"1328","Israel","ISR",2008,7.48
"1329","Israel","ISR",2010,7.48
"1330","Israel","ISR",2011,7.53
"1331","Israel","ISR",2012,7.53
"1332","Israel","ISR",2013,7.53
"1333","Israel","ISR",2014,7.63
"1334","Israel","ISR",2015,7.77
"1335","Israel","ISR",2016,7.85
"1336","Israel","ISR",2017,7.79
"1337","Israel","ISR",2018,7.79
"1338","Israel","ISR",2019,7.86
"1339","Israel","ISR",2020,7.84
"1340","Israel","ISR",2021,7.97
"1341","Israel","ISR",2022,7.93
"1342","Israel","ISR",2023,7.8
"1343","Israel","ISR",2024,7.8
"1344","Italy","ITA",2006,7.73
"1345","Italy","ITA",2008,7.98
"1346","Italy","ITA",2010,7.83
"1347","Italy","ITA",2011,7.74
"1348","Italy","ITA",2012,7.74
"1349","Italy","ITA",2013,7.85
"1350","Italy","ITA",2014,7.85
"1351","Italy","ITA",2015,7.98
"1352","Italy","ITA",2016,7.98
"1353","Italy","ITA",2017,7.98
"1354","Italy","ITA",2018,7.71
"1355","Italy","ITA",2019,7.52
"1356","Italy","ITA",2020,7.74
"1357","Italy","ITA",2021,7.68
"1358","Italy","ITA",2022,7.69
"1359","Italy","ITA",2023,7.69
"1360","Italy","ITA",2024,7.58
"1361","Jamaica","JAM",2006,7.34
"1362","Jamaica","JAM",2008,7.21
"1363","Jamaica","JAM",2010,7.21
"1364","Jamaica","JAM",2011,7.13
"1365","Jamaica","JAM",2012,7.39
"1366","Jamaica","JAM",2013,7.39
"1367","Jamaica","JAM",2014,7.39
"1368","Jamaica","JAM",2015,7.39
"1369","Jamaica","JAM",2016,7.39
"1370","Jamaica","JAM",2017,7.29
"1371","Jamaica","JAM",2018,7.02
"1372","Jamaica","JAM",2019,6.96
"1373","Jamaica","JAM",2020,7.13
"1374","Jamaica","JAM",2021,7.13
"1375","Jamaica","JAM",2022,7.13
"1376","Jamaica","JAM",2023,7.06
"1377","Jamaica","JAM",2024,6.74
"1378","Japan","JPN",2006,8.15
"1379","Japan","JPN",2008,8.25
"1380","Japan","JPN",2010,8.08
"1381","Japan","JPN",2011,8.08
"1382","Japan","JPN",2012,8.08
"1383","Japan","JPN",2013,8.08
"1384","Japan","JPN",2014,8.08
"1385","Japan","JPN",2015,7.96
"1386","Japan","JPN",2016,7.99
"1387","Japan","JPN",2017,7.88
"1388","Japan","JPN",2018,7.99
"1389","Japan","JPN",2019,7.99
"1390","Japan","JPN",2020,8.13
"1391","Japan","JPN",2021,8.15
"1392","Japan","JPN",2022,8.33
"1393","Japan","JPN",2023,8.4
"1394","Japan","JPN",2024,8.48
"1395","Jordan","JOR",2006,3.92
"1396","Jordan","JOR",2008,3.93
"1397","Jordan","JOR",2010,3.74
"1398","Jordan","JOR",2011,3.89
"1399","Jordan","JOR",2012,3.76
"1400","Jordan","JOR",2013,3.76
"1401","Jordan","JOR",2014,3.76
"1402","Jordan","JOR",2015,3.86
"1403","Jordan","JOR",2016,3.96
"1404","Jordan","JOR",2017,3.87
"1405","Jordan","JOR",2018,3.93
"1406","Jordan","JOR",2019,3.93
"1407","Jordan","JOR",2020,3.62
"1408","Jordan","JOR",2021,3.49
"1409","Jordan","JOR",2022,3.17
"1410","Jordan","JOR",2023,3.04
"1411","Jordan","JOR",2024,3.28
"1412","Kazakhstan","KAZ",2006,3.62
"1413","Kazakhstan","KAZ",2008,3.45
"1414","Kazakhstan","KAZ",2010,3.3
"1415","Kazakhstan","KAZ",2011,3.24
"1416","Kazakhstan","KAZ",2012,2.95
"1417","Kazakhstan","KAZ",2013,3.06
"1418","Kazakhstan","KAZ",2014,3.17
"1419","Kazakhstan","KAZ",2015,3.06
"1420","Kazakhstan","KAZ",2016,3.06
"1421","Kazakhstan","KAZ",2017,3.06
"1422","Kazakhstan","KAZ",2018,2.94
"1423","Kazakhstan","KAZ",2019,2.94
"1424","Kazakhstan","KAZ",2020,3.14
"1425","Kazakhstan","KAZ",2021,3.08
"1426","Kazakhstan","KAZ",2022,3.08
"1427","Kazakhstan","KAZ",2023,3.08
"1428","Kazakhstan","KAZ",2024,3.08
"1429","Kenya","KEN",2006,5.08
"1430","Kenya","KEN",2008,4.79
"1431","Kenya","KEN",2010,4.71
"1432","Kenya","KEN",2011,4.71
"1433","Kenya","KEN",2012,4.71
"1434","Kenya","KEN",2013,5.13
"1435","Kenya","KEN",2014,5.13
"1436","Kenya","KEN",2015,5.33
"1437","Kenya","KEN",2016,5.33
"1438","Kenya","KEN",2017,5.11
"1439","Kenya","KEN",2018,5.11
"1440","Kenya","KEN",2019,5.18
"1441","Kenya","KEN",2020,5.05
"1442","Kenya","KEN",2021,5.05
"1443","Kenya","KEN",2022,5.05
"1444","Kenya","KEN",2023,5.05
"1445","Kenya","KEN",2024,5.05
"1446","Kuwait","KWT",2006,3.09
"1447","Kuwait","KWT",2008,3.39
"1448","Kuwait","KWT",2010,3.88
"1449","Kuwait","KWT",2011,3.74
"1450","Kuwait","KWT",2012,3.78
"1451","Kuwait","KWT",2013,3.78
"1452","Kuwait","KWT",2014,3.78
"1453","Kuwait","KWT",2015,3.85
"1454","Kuwait","KWT",2016,3.85
"1455","Kuwait","KWT",2017,3.85
"1456","Kuwait","KWT",2018,3.85
"1457","Kuwait","KWT",2019,3.93
"1458","Kuwait","KWT",2020,3.8
"1459","Kuwait","KWT",2021,3.91
"1460","Kuwait","KWT",2022,3.83
"1461","Kuwait","KWT",2023,3.5
"1462","Kuwait","KWT",2024,2.78
"1463","Kyrgyzstan","KGZ",2006,4.08
"1464","Kyrgyzstan","KGZ",2008,4.05
"1465","Kyrgyzstan","KGZ",2010,4.31
"1466","Kyrgyzstan","KGZ",2011,4.34
"1467","Kyrgyzstan","KGZ",2012,4.69
"1468","Kyrgyzstan","KGZ",2013,4.69
"1469","Kyrgyzstan","KGZ",2014,5.24
"1470","Kyrgyzstan","KGZ",2015,5.33
"1471","Kyrgyzstan","KGZ",2016,4.93
"1472","Kyrgyzstan","KGZ",2017,5.11
"1473","Kyrgyzstan","KGZ",2018,5.11
"1474","Kyrgyzstan","KGZ",2019,4.89
"1475","Kyrgyzstan","KGZ",2020,4.21
"1476","Kyrgyzstan","KGZ",2021,3.62
"1477","Kyrgyzstan","KGZ",2022,3.62
"1478","Kyrgyzstan","KGZ",2023,3.7
"1479","Kyrgyzstan","KGZ",2024,3.52
"1480","Laos","LAO",2006,2.1
"1481","Laos","LAO",2008,2.1
"1482","Laos","LAO",2010,2.1
"1483","Laos","LAO",2011,2.1
"1484","Laos","LAO",2012,2.32
"1485","Laos","LAO",2013,2.21
"1486","Laos","LAO",2014,2.21
"1487","Laos","LAO",2015,2.21
"1488","Laos","LAO",2016,2.37
"1489","Laos","LAO",2017,2.37
"1490","Laos","LAO",2018,2.37
"1491","Laos","LAO",2019,2.14
"1492","Laos","LAO",2020,1.77
"1493","Laos","LAO",2021,1.77
"1494","Laos","LAO",2022,1.77
"1495","Laos","LAO",2023,1.71
"1496","Laos","LAO",2024,1.71
"1497","Latvia","LVA",2006,7.37
"1498","Latvia","LVA",2008,7.23
"1499","Latvia","LVA",2010,7.05
"1500","Latvia","LVA",2011,7.05
"1501","Latvia","LVA",2012,7.05
"1502","Latvia","LVA",2013,7.05
"1503","Latvia","LVA",2014,7.48
"1504","Latvia","LVA",2015,7.37
"1505","Latvia","LVA",2016,7.31
"1506","Latvia","LVA",2017,7.25
"1507","Latvia","LVA",2018,7.38
"1508","Latvia","LVA",2019,7.49
"1509","Latvia","LVA",2020,7.24
"1510","Latvia","LVA",2021,7.31
"1511","Latvia","LVA",2022,7.37
"1512","Latvia","LVA",2023,7.38
"1513","Latvia","LVA",2024,7.66
"1514","Lebanon","LBN",2006,5.82
"1515","Lebanon","LBN",2008,5.62
"1516","Lebanon","LBN",2010,5.82
"1517","Lebanon","LBN",2011,5.32
"1518","Lebanon","LBN",2012,5.05
"1519","Lebanon","LBN",2013,5.05
"1520","Lebanon","LBN",2014,5.12
"1521","Lebanon","LBN",2015,4.86
"1522","Lebanon","LBN",2016,4.86
"1523","Lebanon","LBN",2017,4.72
"1524","Lebanon","LBN",2018,4.63
"1525","Lebanon","LBN",2019,4.36
"1526","Lebanon","LBN",2020,4.16
"1527","Lebanon","LBN",2021,3.84
"1528","Lebanon","LBN",2022,3.64
"1529","Lebanon","LBN",2023,3.56
"1530","Lebanon","LBN",2024,3.56
"1531","Lesotho","LSO",2006,6.48
"1532","Lesotho","LSO",2008,6.29
"1533","Lesotho","LSO",2010,6.02
"1534","Lesotho","LSO",2011,6.33
"1535","Lesotho","LSO",2012,6.66
"1536","Lesotho","LSO",2013,6.66
"1537","Lesotho","LSO",2014,6.66
"1538","Lesotho","LSO",2015,6.59
"1539","Lesotho","LSO",2016,6.59
"1540","Lesotho","LSO",2017,6.64
"1541","Lesotho","LSO",2018,6.64
"1542","Lesotho","LSO",2019,6.54
"1543","Lesotho","LSO",2020,6.3
"1544","Lesotho","LSO",2021,6.3
"1545","Lesotho","LSO",2022,6.19
"1546","Lesotho","LSO",2023,6.06
"1547","Lesotho","LSO",2024,6.06
"1548","Liberia","LBR",2006,5.22
"1549","Liberia","LBR",2008,5.25
"1550","Liberia","LBR",2010,5.07
"1551","Liberia","LBR",2011,5.07
"1552","Liberia","LBR",2012,4.95
"1553","Liberia","LBR",2013,4.95
"1554","Liberia","LBR",2014,4.95
"1555","Liberia","LBR",2015,4.95
"1556","Liberia","LBR",2016,5.31
"1557","Liberia","LBR",2017,5.23
"1558","Liberia","LBR",2018,5.35
"1559","Liberia","LBR",2019,5.45
"1560","Liberia","LBR",2020,5.32
"1561","Liberia","LBR",2021,5.43
"1562","Liberia","LBR",2022,5.43
"1563","Liberia","LBR",2023,5.57
"1564","Liberia","LBR",2024,5.57
"1565","Libya","LBY",2006,1.84
"1566","Libya","LBY",2008,2
"1567","Libya","LBY",2010,1.94
"1568","Libya","LBY",2011,3.55
"1569","Libya","LBY",2012,5.15
"1570","Libya","LBY",2013,4.82
"1571","Libya","LBY",2014,3.8
"1572","Libya","LBY",2015,2.25
"1573","Libya","LBY",2016,2.25
"1574","Libya","LBY",2017,2.32
"1575","Libya","LBY",2018,2.19
"1576","Libya","LBY",2019,2.02
"1577","Libya","LBY",2020,1.95
"1578","Libya","LBY",2021,1.95
"1579","Libya","LBY",2022,2.06
"1580","Libya","LBY",2023,1.78
"1581","Libya","LBY",2024,2.31
"1582","Lithuania","LTU",2006,7.43
"1583","Lithuania","LTU",2008,7.36
"1584","Lithuania","LTU",2010,7.24
"1585","Lithuania","LTU",2011,7.24
"1586","Lithuania","LTU",2012,7.24
"1587","Lithuania","LTU",2013,7.54
"1588","Lithuania","LTU",2014,7.54
"1589","Lithuania","LTU",2015,7.54
"1590","Lithuania","LTU",2016,7.47
"1591","Lithuania","LTU",2017,7.41
"1592","Lithuania","LTU",2018,7.5
"1593","Lithuania","LTU",2019,7.5
"1594","Lithuania","LTU",2020,7.13
"1595","Lithuania","LTU",2021,7.18
"1596","Lithuania","LTU",2022,7.31
"1597","Lithuania","LTU",2023,7.31
"1598","Lithuania","LTU",2024,7.59
"1599","Luxembourg","LUX",2006,9.1
"1600","Luxembourg","LUX",2008,9.1
"1601","Luxembourg","LUX",2010,8.88
"1602","Luxembourg","LUX",2011,8.88
"1603","Luxembourg","LUX",2012,8.88
"1604","Luxembourg","LUX",2013,8.88
"1605","Luxembourg","LUX",2014,8.88
"1606","Luxembourg","LUX",2015,8.88
"1607","Luxembourg","LUX",2016,8.81
"1608","Luxembourg","LUX",2017,8.81
"1609","Luxembourg","LUX",2018,8.81
"1610","Luxembourg","LUX",2019,8.81
"1611","Luxembourg","LUX",2020,8.68
"1612","Luxembourg","LUX",2021,8.68
"1613","Luxembourg","LUX",2022,8.81
"1614","Luxembourg","LUX",2023,8.81
"1615","Luxembourg","LUX",2024,8.88
"1616","Madagascar","MDG",2006,5.82
"1617","Madagascar","MDG",2008,5.57
"1618","Madagascar","MDG",2010,3.94
"1619","Madagascar","MDG",2011,3.93
"1620","Madagascar","MDG",2012,3.93
"1621","Madagascar","MDG",2013,4.32
"1622","Madagascar","MDG",2014,4.42
"1623","Madagascar","MDG",2015,4.85
"1624","Madagascar","MDG",2016,5.07
"1625","Madagascar","MDG",2017,5.11
"1626","Madagascar","MDG",2018,5.22
"1627","Madagascar","MDG",2019,5.64
"1628","Madagascar","MDG",2020,5.7
"1629","Madagascar","MDG",2021,5.7
"1630","Madagascar","MDG",2022,5.7
"1631","Madagascar","MDG",2023,5.26
"1632","Madagascar","MDG",2024,5.33
"1633","Malawi","MWI",2006,4.97
"1634","Malawi","MWI",2008,5.13
"1635","Malawi","MWI",2010,5.84
"1636","Malawi","MWI",2011,5.84
"1637","Malawi","MWI",2012,6.08
"1638","Malawi","MWI",2013,6
"1639","Malawi","MWI",2014,5.66
"1640","Malawi","MWI",2015,5.55
"1641","Malawi","MWI",2016,5.55
"1642","Malawi","MWI",2017,5.49
"1643","Malawi","MWI",2018,5.49
"1644","Malawi","MWI",2019,5.5
"1645","Malawi","MWI",2020,5.74
"1646","Malawi","MWI",2021,5.74
"1647","Malawi","MWI",2022,5.91
"1648","Malawi","MWI",2023,5.85
"1649","Malawi","MWI",2024,5.85
"1650","Malaysia","MYS",2006,5.98
"1651","Malaysia","MYS",2008,6.36
"1652","Malaysia","MYS",2010,6.19
"1653","Malaysia","MYS",2011,6.19
"1654","Malaysia","MYS",2012,6.41
"1655","Malaysia","MYS",2013,6.49
"1656","Malaysia","MYS",2014,6.49
"1657","Malaysia","MYS",2015,6.43
"1658","Malaysia","MYS",2016,6.54
"1659","Malaysia","MYS",2017,6.54
"1660","Malaysia","MYS",2018,6.88
"1661","Malaysia","MYS",2019,7.16
"1662","Malaysia","MYS",2020,7.19
"1663","Malaysia","MYS",2021,7.24
"1664","Malaysia","MYS",2022,7.3
"1665","Malaysia","MYS",2023,7.29
"1666","Malaysia","MYS",2024,7.11
"1667","Mali","MLI",2006,5.99
"1668","Mali","MLI",2008,5.87
"1669","Mali","MLI",2010,6.01
"1670","Mali","MLI",2011,6.36
"1671","Mali","MLI",2012,5.12
"1672","Mali","MLI",2013,5.9
"1673","Mali","MLI",2014,5.79
"1674","Mali","MLI",2015,5.7
"1675","Mali","MLI",2016,5.7
"1676","Mali","MLI",2017,5.64
"1677","Mali","MLI",2018,5.41
"1678","Mali","MLI",2019,4.92
"1679","Mali","MLI",2020,3.93
"1680","Mali","MLI",2021,3.48
"1681","Mali","MLI",2022,3.23
"1682","Mali","MLI",2023,2.58
"1683","Mali","MLI",2024,2.4
"1684","Malta","MLT",2006,8.39
"1685","Malta","MLT",2008,8.39
"1686","Malta","MLT",2010,8.28
"1687","Malta","MLT",2011,8.28
"1688","Malta","MLT",2012,8.28
"1689","Malta","MLT",2013,8.28
"1690","Malta","MLT",2014,8.39
"1691","Malta","MLT",2015,8.39
"1692","Malta","MLT",2016,8.39
"1693","Malta","MLT",2017,8.15
"1694","Malta","MLT",2018,8.21
"1695","Malta","MLT",2019,7.95
"1696","Malta","MLT",2020,7.68
"1697","Malta","MLT",2021,7.57
"1698","Malta","MLT",2022,7.7
"1699","Malta","MLT",2023,7.93
"1700","Malta","MLT",2024,7.93
"1701","Mauritania","MRT",2006,3.12
"1702","Mauritania","MRT",2008,3.91
"1703","Mauritania","MRT",2010,3.86
"1704","Mauritania","MRT",2011,4.17
"1705","Mauritania","MRT",2012,4.17
"1706","Mauritania","MRT",2013,4.17
"1707","Mauritania","MRT",2014,4.17
"1708","Mauritania","MRT",2015,3.96
"1709","Mauritania","MRT",2016,3.96
"1710","Mauritania","MRT",2017,3.82
"1711","Mauritania","MRT",2018,3.82
"1712","Mauritania","MRT",2019,3.92
"1713","Mauritania","MRT",2020,3.92
"1714","Mauritania","MRT",2021,4.03
"1715","Mauritania","MRT",2022,4.03
"1716","Mauritania","MRT",2023,4.14
"1717","Mauritania","MRT",2024,3.96
"1718","Mauritius","MUS",2006,8.04
"1719","Mauritius","MUS",2008,8.04
"1720","Mauritius","MUS",2010,8.04
"1721","Mauritius","MUS",2011,8.04
"1722","Mauritius","MUS",2012,8.17
"1723","Mauritius","MUS",2013,8.17
"1724","Mauritius","MUS",2014,8.17
"1725","Mauritius","MUS",2015,8.28
"1726","Mauritius","MUS",2016,8.28
"1727","Mauritius","MUS",2017,8.22
"1728","Mauritius","MUS",2018,8.22
"1729","Mauritius","MUS",2019,8.22
"1730","Mauritius","MUS",2020,8.14
"1731","Mauritius","MUS",2021,8.08
"1732","Mauritius","MUS",2022,8.14
"1733","Mauritius","MUS",2023,8.14
"1734","Mauritius","MUS",2024,8.23
"1735","Mexico","MEX",2006,6.67
"1736","Mexico","MEX",2008,6.78
"1737","Mexico","MEX",2010,6.93
"1738","Mexico","MEX",2011,6.93
"1739","Mexico","MEX",2012,6.9
"1740","Mexico","MEX",2013,6.91
"1741","Mexico","MEX",2014,6.68
"1742","Mexico","MEX",2015,6.55
"1743","Mexico","MEX",2016,6.47
"1744","Mexico","MEX",2017,6.41
"1745","Mexico","MEX",2018,6.19
"1746","Mexico","MEX",2019,6.09
"1747","Mexico","MEX",2020,6.07
"1748","Mexico","MEX",2021,5.57
"1749","Mexico","MEX",2022,5.25
"1750","Mexico","MEX",2023,5.14
"1751","Mexico","MEX",2024,5.32
"1752","Moldova","MDA",2006,6.5
"1753","Moldova","MDA",2008,6.5
"1754","Moldova","MDA",2010,6.33
"1755","Moldova","MDA",2011,6.33
"1756","Moldova","MDA",2012,6.32
"1757","Moldova","MDA",2013,6.32
"1758","Moldova","MDA",2014,6.32
"1759","Moldova","MDA",2015,6.35
"1760","Moldova","MDA",2016,6.01
"1761","Moldova","MDA",2017,5.94
"1762","Moldova","MDA",2018,5.85
"1763","Moldova","MDA",2019,5.75
"1764","Moldova","MDA",2020,5.78
"1765","Moldova","MDA",2021,6.1
"1766","Moldova","MDA",2022,6.23
"1767","Moldova","MDA",2023,6.23
"1768","Moldova","MDA",2024,6.04
"1769","Mongolia","MNG",2006,6.6
"1770","Mongolia","MNG",2008,6.6
"1771","Mongolia","MNG",2010,6.36
"1772","Mongolia","MNG",2011,6.23
"1773","Mongolia","MNG",2012,6.35
"1774","Mongolia","MNG",2013,6.51
"1775","Mongolia","MNG",2014,6.62
"1776","Mongolia","MNG",2015,6.62
"1777","Mongolia","MNG",2016,6.62
"1778","Mongolia","MNG",2017,6.5
"1779","Mongolia","MNG",2018,6.5
"1780","Mongolia","MNG",2019,6.5
"1781","Mongolia","MNG",2020,6.48
"1782","Mongolia","MNG",2021,6.42
"1783","Mongolia","MNG",2022,6.35
"1784","Mongolia","MNG",2023,6.48
"1785","Mongolia","MNG",2024,6.53
"1786","Montenegro","MNE",2006,6.57
"1787","Montenegro","MNE",2008,6.43
"1788","Montenegro","MNE",2010,6.27
"1789","Montenegro","MNE",2011,6.15
"1790","Montenegro","MNE",2012,6.05
"1791","Montenegro","MNE",2013,5.94
"1792","Montenegro","MNE",2014,5.94
"1793","Montenegro","MNE",2015,6.01
"1794","Montenegro","MNE",2016,5.72
"1795","Montenegro","MNE",2017,5.69
"1796","Montenegro","MNE",2018,5.74
"1797","Montenegro","MNE",2019,5.65
"1798","Montenegro","MNE",2020,5.77
"1799","Montenegro","MNE",2021,6.02
"1800","Montenegro","MNE",2022,6.45
"1801","Montenegro","MNE",2023,6.67
"1802","Montenegro","MNE",2024,6.73
"1803","Morocco","MAR",2006,3.9
"1804","Morocco","MAR",2008,3.88
"1805","Morocco","MAR",2010,3.79
"1806","Morocco","MAR",2011,3.83
"1807","Morocco","MAR",2012,4.07
"1808","Morocco","MAR",2013,4.07
"1809","Morocco","MAR",2014,4
"1810","Morocco","MAR",2015,4.66
"1811","Morocco","MAR",2016,4.77
"1812","Morocco","MAR",2017,4.87
"1813","Morocco","MAR",2018,4.99
"1814","Morocco","MAR",2019,5.1
"1815","Morocco","MAR",2020,5.04
"1816","Morocco","MAR",2021,5.04
"1817","Morocco","MAR",2022,5.04
"1818","Morocco","MAR",2023,5.04
"1819","Morocco","MAR",2024,4.97
"1820","Mozambique","MOZ",2006,5.28
"1821","Mozambique","MOZ",2008,5.49
"1822","Mozambique","MOZ",2010,4.9
"1823","Mozambique","MOZ",2011,4.9
"1824","Mozambique","MOZ",2012,4.88
"1825","Mozambique","MOZ",2013,4.77
"1826","Mozambique","MOZ",2014,4.66
"1827","Mozambique","MOZ",2015,4.6
"1828","Mozambique","MOZ",2016,4.02
"1829","Mozambique","MOZ",2017,4.02
"1830","Mozambique","MOZ",2018,3.85
"1831","Mozambique","MOZ",2019,3.65
"1832","Mozambique","MOZ",2020,3.51
"1833","Mozambique","MOZ",2021,3.51
"1834","Mozambique","MOZ",2022,3.51
"1835","Mozambique","MOZ",2023,3.51
"1836","Mozambique","MOZ",2024,3.38
"1837","Myanmar","MMR",2006,1.77
"1838","Myanmar","MMR",2008,1.77
"1839","Myanmar","MMR",2010,1.77
"1840","Myanmar","MMR",2011,1.77
"1841","Myanmar","MMR",2012,2.35
"1842","Myanmar","MMR",2013,2.76
"1843","Myanmar","MMR",2014,3.05
"1844","Myanmar","MMR",2015,4.14
"1845","Myanmar","MMR",2016,4.2
"1846","Myanmar","MMR",2017,3.83
"1847","Myanmar","MMR",2018,3.83
"1848","Myanmar","MMR",2019,3.55
"1849","Myanmar","MMR",2020,3.04
"1850","Myanmar","MMR",2021,1.02
"1851","Myanmar","MMR",2022,0.74
"1852","Myanmar","MMR",2023,0.85
"1853","Myanmar","MMR",2024,0.96
"1854","Namibia","NAM",2006,6.54
"1855","Namibia","NAM",2008,6.48
"1856","Namibia","NAM",2010,6.23
"1857","Namibia","NAM",2011,6.24
"1858","Namibia","NAM",2012,6.24
"1859","Namibia","NAM",2013,6.24
"1860","Namibia","NAM",2014,6.24
"1861","Namibia","NAM",2015,6.31
"1862","Namibia","NAM",2016,6.31
"1863","Namibia","NAM",2017,6.31
"1864","Namibia","NAM",2018,6.25
"1865","Namibia","NAM",2019,6.43
"1866","Namibia","NAM",2020,6.52
"1867","Namibia","NAM",2021,6.52
"1868","Namibia","NAM",2022,6.52
"1869","Namibia","NAM",2023,6.52
"1870","Namibia","NAM",2024,6.48
"1871","Nepal","NPL",2006,3.42
"1872","Nepal","NPL",2008,4.05
"1873","Nepal","NPL",2010,4.24
"1874","Nepal","NPL",2011,4.24
"1875","Nepal","NPL",2012,4.16
"1876","Nepal","NPL",2013,4.77
"1877","Nepal","NPL",2014,4.77
"1878","Nepal","NPL",2015,4.77
"1879","Nepal","NPL",2016,4.86
"1880","Nepal","NPL",2017,5.18
"1881","Nepal","NPL",2018,5.18
"1882","Nepal","NPL",2019,5.28
"1883","Nepal","NPL",2020,5.22
"1884","Nepal","NPL",2021,4.41
"1885","Nepal","NPL",2022,4.49
"1886","Nepal","NPL",2023,4.6
"1887","Nepal","NPL",2024,4.6
"1888","Netherlands","NLD",2006,9.66
"1889","Netherlands","NLD",2008,9.53
"1890","Netherlands","NLD",2010,8.99
"1891","Netherlands","NLD",2011,8.99
"1892","Netherlands","NLD",2012,8.99
"1893","Netherlands","NLD",2013,8.84
"1894","Netherlands","NLD",2014,8.92
"1895","Netherlands","NLD",2015,8.92
"1896","Netherlands","NLD",2016,8.8
"1897","Netherlands","NLD",2017,8.89
"1898","Netherlands","NLD",2018,8.89
"1899","Netherlands","NLD",2019,9.01
"1900","Netherlands","NLD",2020,8.96
"1901","Netherlands","NLD",2021,8.88
"1902","Netherlands","NLD",2022,9
"1903","Netherlands","NLD",2023,9
"1904","Netherlands","NLD",2024,9
"1905","New Zealand","NZL",2006,9.01
"1906","New Zealand","NZL",2008,9.19
"1907","New Zealand","NZL",2010,9.26
"1908","New Zealand","NZL",2011,9.26
"1909","New Zealand","NZL",2012,9.26
"1910","New Zealand","NZL",2013,9.26
"1911","New Zealand","NZL",2014,9.26
"1912","New Zealand","NZL",2015,9.26
"1913","New Zealand","NZL",2016,9.26
"1914","New Zealand","NZL",2017,9.26
"1915","New Zealand","NZL",2018,9.26
"1916","New Zealand","NZL",2019,9.26
"1917","New Zealand","NZL",2020,9.25
"1918","New Zealand","NZL",2021,9.37
"1919","New Zealand","NZL",2022,9.61
"1920","New Zealand","NZL",2023,9.61
"1921","New Zealand","NZL",2024,9.61
"1922","Nicaragua","NIC",2006,5.68
"1923","Nicaragua","NIC",2008,6.07
"1924","Nicaragua","NIC",2010,5.73
"1925","Nicaragua","NIC",2011,5.56
"1926","Nicaragua","NIC",2012,5.56
"1927","Nicaragua","NIC",2013,5.46
"1928","Nicaragua","NIC",2014,5.32
"1929","Nicaragua","NIC",2015,5.26
"1930","Nicaragua","NIC",2016,4.81
"1931","Nicaragua","NIC",2017,4.66
"1932","Nicaragua","NIC",2018,3.63
"1933","Nicaragua","NIC",2019,3.55
"1934","Nicaragua","NIC",2020,3.6
"1935","Nicaragua","NIC",2021,2.69
"1936","Nicaragua","NIC",2022,2.5
"1937","Nicaragua","NIC",2023,2.26
"1938","Nicaragua","NIC",2024,2.09
"1939","Niger","NER",2006,3.54
"1940","Niger","NER",2008,3.41
"1941","Niger","NER",2010,3.38
"1942","Niger","NER",2011,4.16
"1943","Niger","NER",2012,4.16
"1944","Niger","NER",2013,4.08
"1945","Niger","NER",2014,4.02
"1946","Niger","NER",2015,3.85
"1947","Niger","NER",2016,3.96
"1948","Niger","NER",2017,3.76
"1949","Niger","NER",2018,3.76
"1950","Niger","NER",2019,3.29
"1951","Niger","NER",2020,3.29
"1952","Niger","NER",2021,3.22
"1953","Niger","NER",2022,3.73
"1954","Niger","NER",2023,2.37
"1955","Niger","NER",2024,2.26
"1956","Nigeria","NGA",2006,3.52
"1957","Nigeria","NGA",2008,3.53
"1958","Nigeria","NGA",2010,3.47
"1959","Nigeria","NGA",2011,3.83
"1960","Nigeria","NGA",2012,3.77
"1961","Nigeria","NGA",2013,3.77
"1962","Nigeria","NGA",2014,3.76
"1963","Nigeria","NGA",2015,4.62
"1964","Nigeria","NGA",2016,4.5
"1965","Nigeria","NGA",2017,4.44
"1966","Nigeria","NGA",2018,4.44
"1967","Nigeria","NGA",2019,4.12
"1968","Nigeria","NGA",2020,4.1
"1969","Nigeria","NGA",2021,4.11
"1970","Nigeria","NGA",2022,4.23
"1971","Nigeria","NGA",2023,4.23
"1972","Nigeria","NGA",2024,4.16
"1973","North America",NA,2006,6.5664287
"1974","North America",NA,2008,6.607857
"1975","North America",NA,2010,6.5342855
"1976","North America",NA,2011,6.504286
"1977","North America",NA,2012,6.5264287
"1978","North America",NA,2013,6.530714
"1979","North America",NA,2014,6.490714
"1980","North America",NA,2015,6.5078573
"1981","North America",NA,2016,6.467143
"1982","North America",NA,2017,6.392857
"1983","North America",NA,2018,6.2764287
"1984","North America",NA,2019,6.207143
"1985","North America",NA,2020,6.147857
"1986","North America",NA,2021,5.867857
"1987","North America",NA,2022,5.765
"1988","North America",NA,2023,5.6728573
"1989","North America",NA,2024,5.642143
"1990","North Korea","PRK",2006,1.03
"1991","North Korea","PRK",2008,0.86
"1992","North Korea","PRK",2010,1.08
"1993","North Korea","PRK",2011,1.08
"1994","North Korea","PRK",2012,1.08
"1995","North Korea","PRK",2013,1.08
"1996","North Korea","PRK",2014,1.08
"1997","North Korea","PRK",2015,1.08
"1998","North Korea","PRK",2016,1.08
"1999","North Korea","PRK",2017,1.08
"2000","North Korea","PRK",2018,1.08
"2001","North Korea","PRK",2019,1.08
"2002","North Korea","PRK",2020,1.08
"2003","North Korea","PRK",2021,1.08
"2004","North Korea","PRK",2022,1.08
"2005","North Korea","PRK",2023,1.08
"2006","North Korea","PRK",2024,1.08
"2007","North Macedonia","MKD",2006,6.33
"2008","North Macedonia","MKD",2008,6.21
"2009","North Macedonia","MKD",2010,6.16
"2010","North Macedonia","MKD",2011,6.16
"2011","North Macedonia","MKD",2012,6.16
"2012","North Macedonia","MKD",2013,6.16
"2013","North Macedonia","MKD",2014,6.25
"2014","North Macedonia","MKD",2015,6.02
"2015","North Macedonia","MKD",2016,5.23
"2016","North Macedonia","MKD",2017,5.57
"2017","North Macedonia","MKD",2018,5.87
"2018","North Macedonia","MKD",2019,5.97
"2019","North Macedonia","MKD",2020,5.89
"2020","North Macedonia","MKD",2021,6.03
"2021","North Macedonia","MKD",2022,6.1
"2022","North Macedonia","MKD",2023,6.03
"2023","North Macedonia","MKD",2024,6.28
"2024","Norway","NOR",2006,9.55
"2025","Norway","NOR",2008,9.68
"2026","Norway","NOR",2010,9.8
"2027","Norway","NOR",2011,9.8
"2028","Norway","NOR",2012,9.93
"2029","Norway","NOR",2013,9.93
"2030","Norway","NOR",2014,9.93
"2031","Norway","NOR",2015,9.93
"2032","Norway","NOR",2016,9.93
"2033","Norway","NOR",2017,9.87
"2034","Norway","NOR",2018,9.87
"2035","Norway","NOR",2019,9.87
"2036","Norway","NOR",2020,9.81
"2037","Norway","NOR",2021,9.75
"2038","Norway","NOR",2022,9.81
"2039","Norway","NOR",2023,9.81
"2040","Norway","NOR",2024,9.81
"2041","Oceania",NA,2006,7.575
"2042","Oceania",NA,2008,7.4825
"2043","Oceania",NA,2010,7.16
"2044","Oceania",NA,2011,7.1175003
"2045","Oceania",NA,2012,7.1175003
"2046","Oceania",NA,2013,7.09
"2047","Oceania",NA,2014,7.4775
"2048","Oceania",NA,2015,7.4975004
"2049","Oceania",NA,2016,7.485
"2050","Oceania",NA,2017,7.5575
"2051","Oceania",NA,2018,7.5575
"2052","Oceania",NA,2019,7.5575
"2053","Oceania",NA,2020,7.5074997
"2054","Oceania",NA,2021,7.495
"2055","Oceania",NA,2022,7.46
"2056","Oceania",NA,2023,7.4625
"2057","Oceania",NA,2024,7.455
"2058","Oman","OMN",2006,2.77
"2059","Oman","OMN",2008,2.98
"2060","Oman","OMN",2010,2.86
"2061","Oman","OMN",2011,3.26
"2062","Oman","OMN",2012,3.26
"2063","Oman","OMN",2013,3.26
"2064","Oman","OMN",2014,3.15
"2065","Oman","OMN",2015,3.04
"2066","Oman","OMN",2016,3.04
"2067","Oman","OMN",2017,3.04
"2068","Oman","OMN",2018,3.04
"2069","Oman","OMN",2019,3.06
"2070","Oman","OMN",2020,3
"2071","Oman","OMN",2021,3
"2072","Oman","OMN",2022,3.12
"2073","Oman","OMN",2023,3.12
"2074","Oman","OMN",2024,3.05
"2075","Pakistan","PAK",2006,3.92
"2076","Pakistan","PAK",2008,4.46
"2077","Pakistan","PAK",2010,4.55
"2078","Pakistan","PAK",2011,4.55
"2079","Pakistan","PAK",2012,4.57
"2080","Pakistan","PAK",2013,4.64
"2081","Pakistan","PAK",2014,4.64
"2082","Pakistan","PAK",2015,4.4
"2083","Pakistan","PAK",2016,4.33
"2084","Pakistan","PAK",2017,4.26
"2085","Pakistan","PAK",2018,4.17
"2086","Pakistan","PAK",2019,4.25
"2087","Pakistan","PAK",2020,4.31
"2088","Pakistan","PAK",2021,4.31
"2089","Pakistan","PAK",2022,4.13
"2090","Pakistan","PAK",2023,3.25
"2091","Pakistan","PAK",2024,2.84
"2092","Palestine","PSE",2006,6.01
"2093","Palestine","PSE",2008,5.83
"2094","Palestine","PSE",2010,5.44
"2095","Palestine","PSE",2011,4.97
"2096","Palestine","PSE",2012,4.8
"2097","Palestine","PSE",2013,4.8
"2098","Palestine","PSE",2014,4.72
"2099","Palestine","PSE",2015,4.57
"2100","Palestine","PSE",2016,4.49
"2101","Palestine","PSE",2017,4.46
"2102","Palestine","PSE",2018,4.39
"2103","Palestine","PSE",2019,3.89
"2104","Palestine","PSE",2020,3.83
"2105","Palestine","PSE",2021,3.94
"2106","Palestine","PSE",2022,3.86
"2107","Palestine","PSE",2023,3.47
"2108","Palestine","PSE",2024,3.44
"2109","Panama","PAN",2006,7.35
"2110","Panama","PAN",2008,7.35
"2111","Panama","PAN",2010,7.15
"2112","Panama","PAN",2011,7.08
"2113","Panama","PAN",2012,7.08
"2114","Panama","PAN",2013,7.08
"2115","Panama","PAN",2014,7.08
"2116","Panama","PAN",2015,7.19
"2117","Panama","PAN",2016,7.13
"2118","Panama","PAN",2017,7.08
"2119","Panama","PAN",2018,7.05
"2120","Panama","PAN",2019,7.05
"2121","Panama","PAN",2020,7.18
"2122","Panama","PAN",2021,6.85
"2123","Panama","PAN",2022,6.91
"2124","Panama","PAN",2023,6.91
"2125","Panama","PAN",2024,6.84
"2126","Papua New Guinea","PNG",2006,6.54
"2127","Papua New Guinea","PNG",2008,6.54
"2128","Papua New Guinea","PNG",2010,6.54
"2129","Papua New Guinea","PNG",2011,6.32
"2130","Papua New Guinea","PNG",2012,6.32
"2131","Papua New Guinea","PNG",2013,6.36
"2132","Papua New Guinea","PNG",2014,6.03
"2133","Papua New Guinea","PNG",2015,6.03
"2134","Papua New Guinea","PNG",2016,6.03
"2135","Papua New Guinea","PNG",2017,6.03
"2136","Papua New Guinea","PNG",2018,6.03
"2137","Papua New Guinea","PNG",2019,6.03
"2138","Papua New Guinea","PNG",2020,6.1
"2139","Papua New Guinea","PNG",2021,6.1
"2140","Papua New Guinea","PNG",2022,5.97
"2141","Papua New Guinea","PNG",2023,6.03
"2142","Papua New Guinea","PNG",2024,5.97
"2143","Paraguay","PRY",2006,6.16
"2144","Paraguay","PRY",2008,6.4
"2145","Paraguay","PRY",2010,6.4
"2146","Paraguay","PRY",2011,6.4
"2147","Paraguay","PRY",2012,6.26
"2148","Paraguay","PRY",2013,6.26
"2149","Paraguay","PRY",2014,6.26
"2150","Paraguay","PRY",2015,6.33
"2151","Paraguay","PRY",2016,6.27
"2152","Paraguay","PRY",2017,6.31
"2153","Paraguay","PRY",2018,6.24
"2154","Paraguay","PRY",2019,6.24
"2155","Paraguay","PRY",2020,6.18
"2156","Paraguay","PRY",2021,5.86
"2157","Paraguay","PRY",2022,5.89
"2158","Paraguay","PRY",2023,6
"2159","Paraguay","PRY",2024,5.92
"2160","Peru","PER",2006,6.11
"2161","Peru","PER",2008,6.31
"2162","Peru","PER",2010,6.4
"2163","Peru","PER",2011,6.59
"2164","Peru","PER",2012,6.47
"2165","Peru","PER",2013,6.54
"2166","Peru","PER",2014,6.54
"2167","Peru","PER",2015,6.58
"2168","Peru","PER",2016,6.65
"2169","Peru","PER",2017,6.49
"2170","Peru","PER",2018,6.6
"2171","Peru","PER",2019,6.6
"2172","Peru","PER",2020,6.53
"2173","Peru","PER",2021,6.09
"2174","Peru","PER",2022,5.92
"2175","Peru","PER",2023,5.81
"2176","Peru","PER",2024,5.69
"2177","Philippines","PHL",2006,6.48
"2178","Philippines","PHL",2008,6.12
"2179","Philippines","PHL",2010,6.12
"2180","Philippines","PHL",2011,6.12
"2181","Philippines","PHL",2012,6.3
"2182","Philippines","PHL",2013,6.41
"2183","Philippines","PHL",2014,6.77
"2184","Philippines","PHL",2015,6.84
"2185","Philippines","PHL",2016,6.94
"2186","Philippines","PHL",2017,6.71
"2187","Philippines","PHL",2018,6.71
"2188","Philippines","PHL",2019,6.64
"2189","Philippines","PHL",2020,6.56
"2190","Philippines","PHL",2021,6.62
"2191","Philippines","PHL",2022,6.73
"2192","Philippines","PHL",2023,6.66
"2193","Philippines","PHL",2024,6.63
"2194","Poland","POL",2006,7.3
"2195","Poland","POL",2008,7.3
"2196","Poland","POL",2010,7.05
"2197","Poland","POL",2011,7.12
"2198","Poland","POL",2012,7.12
"2199","Poland","POL",2013,7.12
"2200","Poland","POL",2014,7.47
"2201","Poland","POL",2015,7.09
"2202","Poland","POL",2016,6.83
"2203","Poland","POL",2017,6.67
"2204","Poland","POL",2018,6.67
"2205","Poland","POL",2019,6.62
"2206","Poland","POL",2020,6.85
"2207","Poland","POL",2021,6.8
"2208","Poland","POL",2022,7.04
"2209","Poland","POL",2023,7.18
"2210","Poland","POL",2024,7.4
"2211","Portugal","PRT",2006,8.16
"2212","Portugal","PRT",2008,8.05
"2213","Portugal","PRT",2010,8.02
"2214","Portugal","PRT",2011,7.81
"2215","Portugal","PRT",2012,7.92
"2216","Portugal","PRT",2013,7.65
"2217","Portugal","PRT",2014,7.79
"2218","Portugal","PRT",2015,7.79
"2219","Portugal","PRT",2016,7.86
"2220","Portugal","PRT",2017,7.84
"2221","Portugal","PRT",2018,7.84
"2222","Portugal","PRT",2019,8.03
"2223","Portugal","PRT",2020,7.9
"2224","Portugal","PRT",2021,7.82
"2225","Portugal","PRT",2022,7.95
"2226","Portugal","PRT",2023,7.75
"2227","Portugal","PRT",2024,8.08
"2228","Qatar","QAT",2006,2.78
"2229","Qatar","QAT",2008,2.92
"2230","Qatar","QAT",2010,3.09
"2231","Qatar","QAT",2011,3.18
"2232","Qatar","QAT",2012,3.18
"2233","Qatar","QAT",2013,3.18
"2234","Qatar","QAT",2014,3.18
"2235","Qatar","QAT",2015,3.18
"2236","Qatar","QAT",2016,3.18
"2237","Qatar","QAT",2017,3.19
"2238","Qatar","QAT",2018,3.19
"2239","Qatar","QAT",2019,3.19
"2240","Qatar","QAT",2020,3.24
"2241","Qatar","QAT",2021,3.65
"2242","Qatar","QAT",2022,3.65
"2243","Qatar","QAT",2023,3.65
"2244","Qatar","QAT",2024,3.17
"2245","Romania","ROU",2006,7.06
"2246","Romania","ROU",2008,7.06
"2247","Romania","ROU",2010,6.6
"2248","Romania","ROU",2011,6.54
"2249","Romania","ROU",2012,6.54
"2250","Romania","ROU",2013,6.54
"2251","Romania","ROU",2014,6.68
"2252","Romania","ROU",2015,6.68
"2253","Romania","ROU",2016,6.62
"2254","Romania","ROU",2017,6.44
"2255","Romania","ROU",2018,6.38
"2256","Romania","ROU",2019,6.49
"2257","Romania","ROU",2020,6.4
"2258","Romania","ROU",2021,6.43
"2259","Romania","ROU",2022,6.45
"2260","Romania","ROU",2023,6.45
"2261","Romania","ROU",2024,5.99
"2262","Russia","RUS",2006,5.02
"2263","Russia","RUS",2008,4.48
"2264","Russia","RUS",2010,4.26
"2265","Russia","RUS",2011,3.92
"2266","Russia","RUS",2012,3.74
"2267","Russia","RUS",2013,3.59
"2268","Russia","RUS",2014,3.39
"2269","Russia","RUS",2015,3.31
"2270","Russia","RUS",2016,3.24
"2271","Russia","RUS",2017,3.17
"2272","Russia","RUS",2018,2.94
"2273","Russia","RUS",2019,3.11
"2274","Russia","RUS",2020,3.31
"2275","Russia","RUS",2021,3.24
"2276","Russia","RUS",2022,2.28
"2277","Russia","RUS",2023,2.22
"2278","Russia","RUS",2024,2.03
"2279","Rwanda","RWA",2006,3.82
"2280","Rwanda","RWA",2008,3.71
"2281","Rwanda","RWA",2010,3.25
"2282","Rwanda","RWA",2011,3.25
"2283","Rwanda","RWA",2012,3.36
"2284","Rwanda","RWA",2013,3.38
"2285","Rwanda","RWA",2014,3.25
"2286","Rwanda","RWA",2015,3.07
"2287","Rwanda","RWA",2016,3.07
"2288","Rwanda","RWA",2017,3.19
"2289","Rwanda","RWA",2018,3.35
"2290","Rwanda","RWA",2019,3.16
"2291","Rwanda","RWA",2020,3.1
"2292","Rwanda","RWA",2021,3.1
"2293","Rwanda","RWA",2022,3.1
"2294","Rwanda","RWA",2023,3.3
"2295","Rwanda","RWA",2024,3.34
"2296","Saudi Arabia","SAU",2006,1.92
"2297","Saudi Arabia","SAU",2008,1.9
"2298","Saudi Arabia","SAU",2010,1.84
"2299","Saudi Arabia","SAU",2011,1.77
"2300","Saudi Arabia","SAU",2012,1.71
"2301","Saudi Arabia","SAU",2013,1.82
"2302","Saudi Arabia","SAU",2014,1.82
"2303","Saudi Arabia","SAU",2015,1.93
"2304","Saudi Arabia","SAU",2016,1.93
"2305","Saudi Arabia","SAU",2017,1.93
"2306","Saudi Arabia","SAU",2018,1.93
"2307","Saudi Arabia","SAU",2019,1.93
"2308","Saudi Arabia","SAU",2020,2.08
"2309","Saudi Arabia","SAU",2021,2.08
"2310","Saudi Arabia","SAU",2022,2.08
"2311","Saudi Arabia","SAU",2023,2.08
"2312","Saudi Arabia","SAU",2024,2.08
"2313","Senegal","SEN",2006,5.37
"2314","Senegal","SEN",2008,5.37
"2315","Senegal","SEN",2010,5.27
"2316","Senegal","SEN",2011,5.51
"2317","Senegal","SEN",2012,6.09
"2318","Senegal","SEN",2013,6.15
"2319","Senegal","SEN",2014,6.15
"2320","Senegal","SEN",2015,6.08
"2321","Senegal","SEN",2016,6.21
"2322","Senegal","SEN",2017,6.15
"2323","Senegal","SEN",2018,6.15
"2324","Senegal","SEN",2019,5.81
"2325","Senegal","SEN",2020,5.67
"2326","Senegal","SEN",2021,5.53
"2327","Senegal","SEN",2022,5.72
"2328","Senegal","SEN",2023,5.48
"2329","Senegal","SEN",2024,5.93
"2330","Serbia","SRB",2006,6.62
"2331","Serbia","SRB",2008,6.49
"2332","Serbia","SRB",2010,6.33
"2333","Serbia","SRB",2011,6.33
"2334","Serbia","SRB",2012,6.33
"2335","Serbia","SRB",2013,6.67
"2336","Serbia","SRB",2014,6.71
"2337","Serbia","SRB",2015,6.71
"2338","Serbia","SRB",2016,6.57
"2339","Serbia","SRB",2017,6.41
"2340","Serbia","SRB",2018,6.41
"2341","Serbia","SRB",2019,6.41
"2342","Serbia","SRB",2020,6.22
"2343","Serbia","SRB",2021,6.36
"2344","Serbia","SRB",2022,6.33
"2345","Serbia","SRB",2023,6.33
"2346","Serbia","SRB",2024,6.26
"2347","Sierra Leone","SLE",2006,3.57
"2348","Sierra Leone","SLE",2008,4.11
"2349","Sierra Leone","SLE",2010,4.51
"2350","Sierra Leone","SLE",2011,4.51
"2351","Sierra Leone","SLE",2012,4.71
"2352","Sierra Leone","SLE",2013,4.64
"2353","Sierra Leone","SLE",2014,4.56
"2354","Sierra Leone","SLE",2015,4.55
"2355","Sierra Leone","SLE",2016,4.55
"2356","Sierra Leone","SLE",2017,4.66
"2357","Sierra Leone","SLE",2018,4.66
"2358","Sierra Leone","SLE",2019,4.86
"2359","Sierra Leone","SLE",2020,4.86
"2360","Sierra Leone","SLE",2021,4.97
"2361","Sierra Leone","SLE",2022,5.03
"2362","Sierra Leone","SLE",2023,4.32
"2363","Sierra Leone","SLE",2024,4.32
"2364","Singapore","SGP",2006,5.89
"2365","Singapore","SGP",2008,5.89
"2366","Singapore","SGP",2010,5.89
"2367","Singapore","SGP",2011,5.89
"2368","Singapore","SGP",2012,5.88
"2369","Singapore","SGP",2013,5.92
"2370","Singapore","SGP",2014,6.03
"2371","Singapore","SGP",2015,6.14
"2372","Singapore","SGP",2016,6.38
"2373","Singapore","SGP",2017,6.32
"2374","Singapore","SGP",2018,6.38
"2375","Singapore","SGP",2019,6.02
"2376","Singapore","SGP",2020,6.03
"2377","Singapore","SGP",2021,6.23
"2378","Singapore","SGP",2022,6.22
"2379","Singapore","SGP",2023,6.18
"2380","Singapore","SGP",2024,6.18
"2381","Slovakia","SVK",2006,7.4
"2382","Slovakia","SVK",2008,7.33
"2383","Slovakia","SVK",2010,7.35
"2384","Slovakia","SVK",2011,7.35
"2385","Slovakia","SVK",2012,7.35
"2386","Slovakia","SVK",2013,7.35
"2387","Slovakia","SVK",2014,7.35
"2388","Slovakia","SVK",2015,7.29
"2389","Slovakia","SVK",2016,7.29
"2390","Slovakia","SVK",2017,7.16
"2391","Slovakia","SVK",2018,7.1
"2392","Slovakia","SVK",2019,7.17
"2393","Slovakia","SVK",2020,6.97
"2394","Slovakia","SVK",2021,7.03
"2395","Slovakia","SVK",2022,7.07
"2396","Slovakia","SVK",2023,7.07
"2397","Slovakia","SVK",2024,7.21
"2398","Slovenia","SVN",2006,7.96
"2399","Slovenia","SVN",2008,7.96
"2400","Slovenia","SVN",2010,7.69
"2401","Slovenia","SVN",2011,7.76
"2402","Slovenia","SVN",2012,7.88
"2403","Slovenia","SVN",2013,7.88
"2404","Slovenia","SVN",2014,7.57
"2405","Slovenia","SVN",2015,7.57
"2406","Slovenia","SVN",2016,7.51
"2407","Slovenia","SVN",2017,7.5
"2408","Slovenia","SVN",2018,7.5
"2409","Slovenia","SVN",2019,7.5
"2410","Slovenia","SVN",2020,7.54
"2411","Slovenia","SVN",2021,7.54
"2412","Slovenia","SVN",2022,7.75
"2413","Slovenia","SVN",2023,7.75
"2414","Slovenia","SVN",2024,7.82
"2415","South Africa","ZAF",2006,7.91
"2416","South Africa","ZAF",2008,7.91
"2417","South Africa","ZAF",2010,7.79
"2418","South Africa","ZAF",2011,7.79
"2419","South Africa","ZAF",2012,7.79
"2420","South Africa","ZAF",2013,7.9
"2421","South Africa","ZAF",2014,7.82
"2422","South Africa","ZAF",2015,7.56
"2423","South Africa","ZAF",2016,7.41
"2424","South Africa","ZAF",2017,7.24
"2425","South Africa","ZAF",2018,7.24
"2426","South Africa","ZAF",2019,7.24
"2427","South Africa","ZAF",2020,7.05
"2428","South Africa","ZAF",2021,7.05
"2429","South Africa","ZAF",2022,7.05
"2430","South Africa","ZAF",2023,7.05
"2431","South Africa","ZAF",2024,7.16
"2432","South America",NA,2006,6.52
"2433","South America",NA,2008,6.588333
"2434","South America",NA,2010,6.554167
"2435","South America",NA,2011,6.5525002
"2436","South America",NA,2012,6.541667
"2437","South America",NA,2013,6.5691667
"2438","South America",NA,2014,6.579167
"2439","South America",NA,2015,6.58
"2440","South America",NA,2016,6.545
"2441","South America",NA,2017,6.4875
"2442","South America",NA,2018,6.576667
"2443","South America",NA,2019,6.4575
"2444","South America",NA,2020,6.4425
"2445","South America",NA,2021,6.2008333
"2446","South America",NA,2022,6.2508335
"2447","South America",NA,2023,6.113333
"2448","South America",NA,2024,6.0091667
"2449","South Korea","KOR",2006,7.88
"2450","South Korea","KOR",2008,8.01
"2451","South Korea","KOR",2010,8.11
"2452","South Korea","KOR",2011,8.06
"2453","South Korea","KOR",2012,8.13
"2454","South Korea","KOR",2013,8.06
"2455","South Korea","KOR",2014,8.06
"2456","South Korea","KOR",2015,7.97
"2457","South Korea","KOR",2016,7.92
"2458","South Korea","KOR",2017,8
"2459","South Korea","KOR",2018,8
"2460","South Korea","KOR",2019,8
"2461","South Korea","KOR",2020,8.01
"2462","South Korea","KOR",2021,8.16
"2463","South Korea","KOR",2022,8.03
"2464","South Korea","KOR",2023,8.09
"2465","South Korea","KOR",2024,7.75
"2466","Spain","ESP",2006,8.34
"2467","Spain","ESP",2008,8.45
"2468","Spain","ESP",2010,8.16
"2469","Spain","ESP",2011,8.02
"2470","Spain","ESP",2012,8.02
"2471","Spain","ESP",2013,8.02
"2472","Spain","ESP",2014,8.05
"2473","Spain","ESP",2015,8.3
"2474","Spain","ESP",2016,8.3
"2475","Spain","ESP",2017,8.08
"2476","Spain","ESP",2018,8.08
"2477","Spain","ESP",2019,8.29
"2478","Spain","ESP",2020,8.12
"2479","Spain","ESP",2021,7.94
"2480","Spain","ESP",2022,8.07
"2481","Spain","ESP",2023,8.07
"2482","Spain","ESP",2024,8.13
"2483","Sri Lanka","LKA",2006,6.58
"2484","Sri Lanka","LKA",2008,6.61
"2485","Sri Lanka","LKA",2010,6.64
"2486","Sri Lanka","LKA",2011,6.58
"2487","Sri Lanka","LKA",2012,5.75
"2488","Sri Lanka","LKA",2013,5.69
"2489","Sri Lanka","LKA",2014,5.69
"2490","Sri Lanka","LKA",2015,6.42
"2491","Sri Lanka","LKA",2016,6.48
"2492","Sri Lanka","LKA",2017,6.48
"2493","Sri Lanka","LKA",2018,6.19
"2494","Sri Lanka","LKA",2019,6.27
"2495","Sri Lanka","LKA",2020,6.14
"2496","Sri Lanka","LKA",2021,6.14
"2497","Sri Lanka","LKA",2022,6.47
"2498","Sri Lanka","LKA",2023,6.17
"2499","Sri Lanka","LKA",2024,6.19
"2500","Sudan","SDN",2006,2.9
"2501","Sudan","SDN",2008,2.81
"2502","Sudan","SDN",2010,2.42
"2503","Sudan","SDN",2011,2.38
"2504","Sudan","SDN",2012,2.38
"2505","Sudan","SDN",2013,2.54
"2506","Sudan","SDN",2014,2.54
"2507","Sudan","SDN",2015,2.37
"2508","Sudan","SDN",2016,2.37
"2509","Sudan","SDN",2017,2.15
"2510","Sudan","SDN",2018,2.15
"2511","Sudan","SDN",2019,2.7
"2512","Sudan","SDN",2020,2.54
"2513","Sudan","SDN",2021,2.47
"2514","Sudan","SDN",2022,2.47
"2515","Sudan","SDN",2023,1.76
"2516","Sudan","SDN",2024,1.46
"2517","Suriname","SUR",2006,6.52
"2518","Suriname","SUR",2008,6.58
"2519","Suriname","SUR",2010,6.65
"2520","Suriname","SUR",2011,6.65
"2521","Suriname","SUR",2012,6.65
"2522","Suriname","SUR",2013,6.77
"2523","Suriname","SUR",2014,6.77
"2524","Suriname","SUR",2015,6.77
"2525","Suriname","SUR",2016,6.77
"2526","Suriname","SUR",2017,6.76
"2527","Suriname","SUR",2018,6.98
"2528","Suriname","SUR",2019,6.98
"2529","Suriname","SUR",2020,6.82
"2530","Suriname","SUR",2021,6.82
"2531","Suriname","SUR",2022,6.95
"2532","Suriname","SUR",2023,6.88
"2533","Suriname","SUR",2024,6.79
"2534","Sweden","SWE",2006,9.88
"2535","Sweden","SWE",2008,9.88
"2536","Sweden","SWE",2010,9.5
"2537","Sweden","SWE",2011,9.5
"2538","Sweden","SWE",2012,9.73
"2539","Sweden","SWE",2013,9.73
"2540","Sweden","SWE",2014,9.73
"2541","Sweden","SWE",2015,9.45
"2542","Sweden","SWE",2016,9.39
"2543","Sweden","SWE",2017,9.39
"2544","Sweden","SWE",2018,9.39
"2545","Sweden","SWE",2019,9.39
"2546","Sweden","SWE",2020,9.26
"2547","Sweden","SWE",2021,9.26
"2548","Sweden","SWE",2022,9.39
"2549","Sweden","SWE",2023,9.39
"2550","Sweden","SWE",2024,9.39
"2551","Switzerland","CHE",2006,9.02
"2552","Switzerland","CHE",2008,9.15
"2553","Switzerland","CHE",2010,9.09
"2554","Switzerland","CHE",2011,9.09
"2555","Switzerland","CHE",2012,9.09
"2556","Switzerland","CHE",2013,9.09
"2557","Switzerland","CHE",2014,9.09
"2558","Switzerland","CHE",2015,9.09
"2559","Switzerland","CHE",2016,9.09
"2560","Switzerland","CHE",2017,9.03
"2561","Switzerland","CHE",2018,9.03
"2562","Switzerland","CHE",2019,9.03
"2563","Switzerland","CHE",2020,8.83
"2564","Switzerland","CHE",2021,8.9
"2565","Switzerland","CHE",2022,9.14
"2566","Switzerland","CHE",2023,9.14
"2567","Switzerland","CHE",2024,9.32
"2568","Syria","SYR",2006,2.36
"2569","Syria","SYR",2008,2.18
"2570","Syria","SYR",2010,2.31
"2571","Syria","SYR",2011,1.99
"2572","Syria","SYR",2012,1.63
"2573","Syria","SYR",2013,1.86
"2574","Syria","SYR",2014,1.74
"2575","Syria","SYR",2015,1.43
"2576","Syria","SYR",2016,1.43
"2577","Syria","SYR",2017,1.43
"2578","Syria","SYR",2018,1.43
"2579","Syria","SYR",2019,1.43
"2580","Syria","SYR",2020,1.43
"2581","Syria","SYR",2021,1.43
"2582","Syria","SYR",2022,1.43
"2583","Syria","SYR",2023,1.43
"2584","Syria","SYR",2024,1.32
"2585","Taiwan","TWN",2006,7.82
"2586","Taiwan","TWN",2008,7.82
"2587","Taiwan","TWN",2010,7.52
"2588","Taiwan","TWN",2011,7.46
"2589","Taiwan","TWN",2012,7.57
"2590","Taiwan","TWN",2013,7.57
"2591","Taiwan","TWN",2014,7.65
"2592","Taiwan","TWN",2015,7.83
"2593","Taiwan","TWN",2016,7.79
"2594","Taiwan","TWN",2017,7.73
"2595","Taiwan","TWN",2018,7.73
"2596","Taiwan","TWN",2019,7.73
"2597","Taiwan","TWN",2020,8.94
"2598","Taiwan","TWN",2021,8.99
"2599","Taiwan","TWN",2022,8.99
"2600","Taiwan","TWN",2023,8.92
"2601","Taiwan","TWN",2024,8.78
"2602","Tajikistan","TJK",2006,2.45
"2603","Tajikistan","TJK",2008,2.45
"2604","Tajikistan","TJK",2010,2.51
"2605","Tajikistan","TJK",2011,2.51
"2606","Tajikistan","TJK",2012,2.51
"2607","Tajikistan","TJK",2013,2.51
"2608","Tajikistan","TJK",2014,2.37
"2609","Tajikistan","TJK",2015,1.95
"2610","Tajikistan","TJK",2016,1.89
"2611","Tajikistan","TJK",2017,1.93
"2612","Tajikistan","TJK",2018,1.93
"2613","Tajikistan","TJK",2019,1.93
"2614","Tajikistan","TJK",2020,1.94
"2615","Tajikistan","TJK",2021,1.94
"2616","Tajikistan","TJK",2022,1.94
"2617","Tajikistan","TJK",2023,1.94
"2618","Tajikistan","TJK",2024,1.83
"2619","Tanzania","TZA",2006,5.18
"2620","Tanzania","TZA",2008,5.28
"2621","Tanzania","TZA",2010,5.64
"2622","Tanzania","TZA",2011,5.64
"2623","Tanzania","TZA",2012,5.88
"2624","Tanzania","TZA",2013,5.77
"2625","Tanzania","TZA",2014,5.77
"2626","Tanzania","TZA",2015,5.58
"2627","Tanzania","TZA",2016,5.76
"2628","Tanzania","TZA",2017,5.47
"2629","Tanzania","TZA",2018,5.41
"2630","Tanzania","TZA",2019,5.16
"2631","Tanzania","TZA",2020,5.1
"2632","Tanzania","TZA",2021,5.1
"2633","Tanzania","TZA",2022,5.1
"2634","Tanzania","TZA",2023,5.35
"2635","Tanzania","TZA",2024,5.2
"2636","Thailand","THA",2006,5.67
"2637","Thailand","THA",2008,6.81
"2638","Thailand","THA",2010,6.55
"2639","Thailand","THA",2011,6.55
"2640","Thailand","THA",2012,6.55
"2641","Thailand","THA",2013,6.25
"2642","Thailand","THA",2014,5.39
"2643","Thailand","THA",2015,5.09
"2644","Thailand","THA",2016,4.92
"2645","Thailand","THA",2017,4.63
"2646","Thailand","THA",2018,4.63
"2647","Thailand","THA",2019,6.32
"2648","Thailand","THA",2020,6.04
"2649","Thailand","THA",2021,6.04
"2650","Thailand","THA",2022,6.67
"2651","Thailand","THA",2023,6.35
"2652","Thailand","THA",2024,6.27
"2653","Togo","TGO",2006,1.75
"2654","Togo","TGO",2008,2.43
"2655","Togo","TGO",2010,3.45
"2656","Togo","TGO",2011,3.45
"2657","Togo","TGO",2012,3.45
"2658","Togo","TGO",2013,3.45
"2659","Togo","TGO",2014,3.45
"2660","Togo","TGO",2015,3.41
"2661","Togo","TGO",2016,3.32
"2662","Togo","TGO",2017,3.05
"2663","Togo","TGO",2018,3.1
"2664","Togo","TGO",2019,3.3
"2665","Togo","TGO",2020,2.8
"2666","Togo","TGO",2021,2.8
"2667","Togo","TGO",2022,2.99
"2668","Togo","TGO",2023,2.99
"2669","Togo","TGO",2024,2.99
"2670","Trinidad and Tobago","TTO",2006,7.18
"2671","Trinidad and Tobago","TTO",2008,7.21
"2672","Trinidad and Tobago","TTO",2010,7.16
"2673","Trinidad and Tobago","TTO",2011,7.16
"2674","Trinidad and Tobago","TTO",2012,6.99
"2675","Trinidad and Tobago","TTO",2013,6.99
"2676","Trinidad and Tobago","TTO",2014,6.99
"2677","Trinidad and Tobago","TTO",2015,7.1
"2678","Trinidad and Tobago","TTO",2016,7.1
"2679","Trinidad and Tobago","TTO",2017,7.04
"2680","Trinidad and Tobago","TTO",2018,7.16
"2681","Trinidad and Tobago","TTO",2019,7.16
"2682","Trinidad and Tobago","TTO",2020,7.16
"2683","Trinidad and Tobago","TTO",2021,7.16
"2684","Trinidad and Tobago","TTO",2022,7.16
"2685","Trinidad and Tobago","TTO",2023,7.16
"2686","Trinidad and Tobago","TTO",2024,7.09
"2687","Tunisia","TUN",2006,3.06
"2688","Tunisia","TUN",2008,2.96
"2689","Tunisia","TUN",2010,2.79
"2690","Tunisia","TUN",2011,5.53
"2691","Tunisia","TUN",2012,5.67
"2692","Tunisia","TUN",2013,5.76
"2693","Tunisia","TUN",2014,6.31
"2694","Tunisia","TUN",2015,6.72
"2695","Tunisia","TUN",2016,6.4
"2696","Tunisia","TUN",2017,6.32
"2697","Tunisia","TUN",2018,6.41
"2698","Tunisia","TUN",2019,6.72
"2699","Tunisia","TUN",2020,6.59
"2700","Tunisia","TUN",2021,5.99
"2701","Tunisia","TUN",2022,5.51
"2702","Tunisia","TUN",2023,5.51
"2703","Tunisia","TUN",2024,4.71
"2704","Turkey","TUR",2006,5.7
"2705","Turkey","TUR",2008,5.69
"2706","Turkey","TUR",2010,5.73
"2707","Turkey","TUR",2011,5.73
"2708","Turkey","TUR",2012,5.76
"2709","Turkey","TUR",2013,5.63
"2710","Turkey","TUR",2014,5.12
"2711","Turkey","TUR",2015,5.12
"2712","Turkey","TUR",2016,5.04
"2713","Turkey","TUR",2017,4.88
"2714","Turkey","TUR",2018,4.37
"2715","Turkey","TUR",2019,4.09
"2716","Turkey","TUR",2020,4.48
"2717","Turkey","TUR",2021,4.35
"2718","Turkey","TUR",2022,4.35
"2719","Turkey","TUR",2023,4.33
"2720","Turkey","TUR",2024,4.26
"2721","Turkmenistan","TKM",2006,1.83
"2722","Turkmenistan","TKM",2008,1.72
"2723","Turkmenistan","TKM",2010,1.72
"2724","Turkmenistan","TKM",2011,1.72
"2725","Turkmenistan","TKM",2012,1.72
"2726","Turkmenistan","TKM",2013,1.72
"2727","Turkmenistan","TKM",2014,1.83
"2728","Turkmenistan","TKM",2015,1.83
"2729","Turkmenistan","TKM",2016,1.83
"2730","Turkmenistan","TKM",2017,1.72
"2731","Turkmenistan","TKM",2018,1.72
"2732","Turkmenistan","TKM",2019,1.72
"2733","Turkmenistan","TKM",2020,1.72
"2734","Turkmenistan","TKM",2021,1.66
"2735","Turkmenistan","TKM",2022,1.66
"2736","Turkmenistan","TKM",2023,1.66
"2737","Turkmenistan","TKM",2024,1.66
"2738","Uganda","UGA",2006,5.14
"2739","Uganda","UGA",2008,5.03
"2740","Uganda","UGA",2010,5.05
"2741","Uganda","UGA",2011,5.13
"2742","Uganda","UGA",2012,5.16
"2743","Uganda","UGA",2013,5.22
"2744","Uganda","UGA",2014,5.22
"2745","Uganda","UGA",2015,5.22
"2746","Uganda","UGA",2016,5.26
"2747","Uganda","UGA",2017,5.09
"2748","Uganda","UGA",2018,5.2
"2749","Uganda","UGA",2019,5.02
"2750","Uganda","UGA",2020,4.94
"2751","Uganda","UGA",2021,4.48
"2752","Uganda","UGA",2022,4.55
"2753","Uganda","UGA",2023,4.49
"2754","Uganda","UGA",2024,4.49
"2755","Ukraine","UKR",2006,6.94
"2756","Ukraine","UKR",2008,6.94
"2757","Ukraine","UKR",2010,6.3
"2758","Ukraine","UKR",2011,5.94
"2759","Ukraine","UKR",2012,5.91
"2760","Ukraine","UKR",2013,5.84
"2761","Ukraine","UKR",2014,5.42
"2762","Ukraine","UKR",2015,5.7
"2763","Ukraine","UKR",2016,5.7
"2764","Ukraine","UKR",2017,5.69
"2765","Ukraine","UKR",2018,5.69
"2766","Ukraine","UKR",2019,5.9
"2767","Ukraine","UKR",2020,5.81
"2768","Ukraine","UKR",2021,5.57
"2769","Ukraine","UKR",2022,5.42
"2770","Ukraine","UKR",2023,5.06
"2771","Ukraine","UKR",2024,4.9
"2772","United Arab Emirates","ARE",2006,2.42
"2773","United Arab Emirates","ARE",2008,2.6
"2774","United Arab Emirates","ARE",2010,2.52
"2775","United Arab Emirates","ARE",2011,2.58
"2776","United Arab Emirates","ARE",2012,2.58
"2777","United Arab Emirates","ARE",2013,2.52
"2778","United Arab Emirates","ARE",2014,2.64
"2779","United Arab Emirates","ARE",2015,2.75
"2780","United Arab Emirates","ARE",2016,2.75
"2781","United Arab Emirates","ARE",2017,2.69
"2782","United Arab Emirates","ARE",2018,2.76
"2783","United Arab Emirates","ARE",2019,2.76
"2784","United Arab Emirates","ARE",2020,2.7
"2785","United Arab Emirates","ARE",2021,2.9
"2786","United Arab Emirates","ARE",2022,2.9
"2787","United Arab Emirates","ARE",2023,3.01
"2788","United Arab Emirates","ARE",2024,3.07
"2789","United Kingdom","GBR",2006,8.08
"2790","United Kingdom","GBR",2008,8.15
"2791","United Kingdom","GBR",2010,8.16
"2792","United Kingdom","GBR",2011,8.16
"2793","United Kingdom","GBR",2012,8.21
"2794","United Kingdom","GBR",2013,8.31
"2795","United Kingdom","GBR",2014,8.31
"2796","United Kingdom","GBR",2015,8.31
"2797","United Kingdom","GBR",2016,8.36
"2798","United Kingdom","GBR",2017,8.53
"2799","United Kingdom","GBR",2018,8.53
"2800","United Kingdom","GBR",2019,8.52
"2801","United Kingdom","GBR",2020,8.54
"2802","United Kingdom","GBR",2021,8.1
"2803","United Kingdom","GBR",2022,8.28
"2804","United Kingdom","GBR",2023,8.28
"2805","United Kingdom","GBR",2024,8.34
"2806","United States","USA",2006,8.22
"2807","United States","USA",2008,8.22
"2808","United States","USA",2010,8.18
"2809","United States","USA",2011,8.11
"2810","United States","USA",2012,8.11
"2811","United States","USA",2013,8.11
"2812","United States","USA",2014,8.11
"2813","United States","USA",2015,8.05
"2814","United States","USA",2016,7.98
"2815","United States","USA",2017,7.98
"2816","United States","USA",2018,7.96
"2817","United States","USA",2019,7.96
"2818","United States","USA",2020,7.92
"2819","United States","USA",2021,7.85
"2820","United States","USA",2022,7.85
"2821","United States","USA",2023,7.85
"2822","United States","USA",2024,7.85
"2823","Uruguay","URY",2006,7.96
"2824","Uruguay","URY",2008,8.08
"2825","Uruguay","URY",2010,8.1
"2826","Uruguay","URY",2011,8.17
"2827","Uruguay","URY",2012,8.17
"2828","Uruguay","URY",2013,8.17
"2829","Uruguay","URY",2014,8.17
"2830","Uruguay","URY",2015,8.17
"2831","Uruguay","URY",2016,8.17
"2832","Uruguay","URY",2017,8.12
"2833","Uruguay","URY",2018,8.38
"2834","Uruguay","URY",2019,8.38
"2835","Uruguay","URY",2020,8.61
"2836","Uruguay","URY",2021,8.85
"2837","Uruguay","URY",2022,8.91
"2838","Uruguay","URY",2023,8.66
"2839","Uruguay","URY",2024,8.67
"2840","Uzbekistan","UZB",2006,1.85
"2841","Uzbekistan","UZB",2008,1.74
"2842","Uzbekistan","UZB",2010,1.74
"2843","Uzbekistan","UZB",2011,1.74
"2844","Uzbekistan","UZB",2012,1.72
"2845","Uzbekistan","UZB",2013,1.72
"2846","Uzbekistan","UZB",2014,2.45
"2847","Uzbekistan","UZB",2015,1.95
"2848","Uzbekistan","UZB",2016,1.95
"2849","Uzbekistan","UZB",2017,1.95
"2850","Uzbekistan","UZB",2018,2.01
"2851","Uzbekistan","UZB",2019,2.01
"2852","Uzbekistan","UZB",2020,2.12
"2853","Uzbekistan","UZB",2021,2.12
"2854","Uzbekistan","UZB",2022,2.12
"2855","Uzbekistan","UZB",2023,2.12
"2856","Uzbekistan","UZB",2024,2.1
"2857","Venezuela","VEN",2006,5.42
"2858","Venezuela","VEN",2008,5.34
"2859","Venezuela","VEN",2010,5.18
"2860","Venezuela","VEN",2011,5.08
"2861","Venezuela","VEN",2012,5.15
"2862","Venezuela","VEN",2013,5.07
"2863","Venezuela","VEN",2014,5.07
"2864","Venezuela","VEN",2015,5
"2865","Venezuela","VEN",2016,4.68
"2866","Venezuela","VEN",2017,3.87
"2867","Venezuela","VEN",2018,3.16
"2868","Venezuela","VEN",2019,2.88
"2869","Venezuela","VEN",2020,2.76
"2870","Venezuela","VEN",2021,2.11
"2871","Venezuela","VEN",2022,2.23
"2872","Venezuela","VEN",2023,2.31
"2873","Venezuela","VEN",2024,2.25
"2874","Vietnam","VNM",2006,2.75
"2875","Vietnam","VNM",2008,2.53
"2876","Vietnam","VNM",2010,2.94
"2877","Vietnam","VNM",2011,2.96
"2878","Vietnam","VNM",2012,2.89
"2879","Vietnam","VNM",2013,3.29
"2880","Vietnam","VNM",2014,3.41
"2881","Vietnam","VNM",2015,3.53
"2882","Vietnam","VNM",2016,3.38
"2883","Vietnam","VNM",2017,3.08
"2884","Vietnam","VNM",2018,3.08
"2885","Vietnam","VNM",2019,3.08
"2886","Vietnam","VNM",2020,2.94
"2887","Vietnam","VNM",2021,2.94
"2888","Vietnam","VNM",2022,2.73
"2889","Vietnam","VNM",2023,2.62
"2890","Vietnam","VNM",2024,2.62
"2891","World","OWID_WRL",2006,5.5192814
"2892","World","OWID_WRL",2008,5.5476646
"2893","World","OWID_WRL",2010,5.4623356
"2894","World","OWID_WRL",2011,5.4905987
"2895","World","OWID_WRL",2012,5.519401
"2896","World","OWID_WRL",2013,5.5341315
"2897","World","OWID_WRL",2014,5.548024
"2898","World","OWID_WRL",2015,5.552994
"2899","World","OWID_WRL",2016,5.52006
"2900","World","OWID_WRL",2017,5.475449
"2901","World","OWID_WRL",2018,5.478563
"2902","World","OWID_WRL",2019,5.4396405
"2903","World","OWID_WRL",2020,5.3697605
"2904","World","OWID_WRL",2021,5.2813773
"2905","World","OWID_WRL",2022,5.293174
"2906","World","OWID_WRL",2023,5.2253294
"2907","World","OWID_WRL",2024,5.174551
"2908","Yemen","YEM",2006,2.98
"2909","Yemen","YEM",2008,2.95
"2910","Yemen","YEM",2010,2.64
"2911","Yemen","YEM",2011,2.57
"2912","Yemen","YEM",2012,3.12
"2913","Yemen","YEM",2013,2.79
"2914","Yemen","YEM",2014,2.79
"2915","Yemen","YEM",2015,2.24
"2916","Yemen","YEM",2016,2.07
"2917","Yemen","YEM",2017,2.07
"2918","Yemen","YEM",2018,1.95
"2919","Yemen","YEM",2019,1.95
"2920","Yemen","YEM",2020,1.95
"2921","Yemen","YEM",2021,1.95
"2922","Yemen","YEM",2022,1.95
"2923","Yemen","YEM",2023,1.95
"2924","Yemen","YEM",2024,1.95
"2925","Zambia","ZMB",2006,5.25
"2926","Zambia","ZMB",2008,5.25
"2927","Zambia","ZMB",2010,5.68
"2928","Zambia","ZMB",2011,6.19
"2929","Zambia","ZMB",2012,6.26
"2930","Zambia","ZMB",2013,6.26
"2931","Zambia","ZMB",2014,6.39
"2932","Zambia","ZMB",2015,6.28
"2933","Zambia","ZMB",2016,5.99
"2934","Zambia","ZMB",2017,5.68
"2935","Zambia","ZMB",2018,5.61
"2936","Zambia","ZMB",2019,5.09
"2937","Zambia","ZMB",2020,4.86
"2938","Zambia","ZMB",2021,5.72
"2939","Zambia","ZMB",2022,5.8
"2940","Zambia","ZMB",2023,5.8
"2941","Zambia","ZMB",2024,5.73
"2942","Zimbabwe","ZWE",2006,2.62
"2943","Zimbabwe","ZWE",2008,2.53
"2944","Zimbabwe","ZWE",2010,2.64
"2945","Zimbabwe","ZWE",2011,2.68
"2946","Zimbabwe","ZWE",2012,2.67
"2947","Zimbabwe","ZWE",2013,2.67
"2948","Zimbabwe","ZWE",2014,2.78
"2949","Zimbabwe","ZWE",2015,3.05
"2950","Zimbabwe","ZWE",2016,3.05
"2951","Zimbabwe","ZWE",2017,3.16
"2952","Zimbabwe","ZWE",2018,3.16
"2953","Zimbabwe","ZWE",2019,3.16
"2954","Zimbabwe","ZWE",2020,3.16
"2955","Zimbabwe","ZWE",2021,2.92
"2956","Zimbabwe","ZWE",2022,2.92
"2957","Zimbabwe","ZWE",2023,3.04
"2958","Zimbabwe","ZWE",2024,2.98
